13/02/2026 16:31:30 INFO : |Clase:org.springframework.boot.StartupInfoLogger| |Metodo:logStarting| |Linea: 55| Starting CloudbedsBatchCrApplication using Java 1.8.0_302 on Hugo-PC with PID 19312 (C:\Proyectos\AgTech\cloudbeds-batch\target\classes started by Lenovo in C:\Proyectos\AgTech\cloudbeds-batch)
13/02/2026 16:31:30 INFO : |Clase:org.springframework.boot.SpringApplication| |Metodo:logStartupProfileInfo| |Linea: 637| The following 1 profile is active: "dev"
13/02/2026 16:31:31 INFO : |Clase:org.springframework.data.repository.config.RepositoryConfigurationDelegate| |Metodo:registerRepositoriesIn| |Linea: 132| Bootstrapping Spring Data JPA repositories in DEFAULT mode.
13/02/2026 16:31:32 INFO : |Clase:org.springframework.data.repository.config.RepositoryConfigurationDelegate| |Metodo:registerRepositoriesIn| |Linea: 201| Finished Spring Data repository scanning in 161 ms. Found 6 JPA repository interfaces.
13/02/2026 16:31:33 INFO : |Clase:org.springframework.boot.web.embedded.tomcat.TomcatWebServer| |Metodo:initialize| |Linea: 108| Tomcat initialized with port(s): 8050 (http)
13/02/2026 16:31:33 INFO : |Clase:org.springframework.boot.web.servlet.context.ServletWebServerApplicationContext| |Metodo:prepareWebApplicationContext| |Linea: 292| Root WebApplicationContext: initialization completed in 3775 ms
13/02/2026 16:31:34 INFO : |Clase:org.hibernate.jpa.internal.util.LogHelper| |Metodo:logPersistenceUnitInformation| |Linea: 31| HHH000204: Processing PersistenceUnitInfo [name: default]
13/02/2026 16:31:34 INFO : |Clase:org.hibernate.Version| |Metodo:logVersion| |Linea: 44| HHH000412: Hibernate ORM core version 5.6.15.Final
13/02/2026 16:31:34 INFO : |Clase:org.hibernate.annotations.common.reflection.java.JavaReflectionManager| |Metodo:<clinit>| |Linea: 56| HCANN000001: Hibernate Commons Annotations {5.1.2.Final}
13/02/2026 16:31:35 INFO : |Clase:org.hibernate.dialect.Dialect| |Metodo:<init>| |Linea: 175| HHH000400: Using dialect: org.hibernate.dialect.PostgreSQLDialect
13/02/2026 16:31:37 INFO : |Clase:org.hibernate.engine.transaction.jta.platform.internal.JtaPlatformInitiator| |Metodo:initiateService| |Linea: 52| HHH000490: Using JtaPlatform implementation: [org.hibernate.engine.transaction.jta.platform.internal.NoJtaPlatform]
13/02/2026 16:31:37 INFO : |Clase:org.springframework.orm.jpa.AbstractEntityManagerFactoryBean| |Metodo:buildNativeEntityManagerFactory| |Linea: 437| Initialized JPA EntityManagerFactory for persistence unit 'default'
13/02/2026 16:31:38 INFO : |Clase:org.springframework.orm.jpa.AbstractEntityManagerFactoryBean| |Metodo:destroy| |Linea: 651| Closing JPA EntityManagerFactory for persistence unit 'default'
13/02/2026 16:31:38 INFO : |Clase:org.springframework.boot.autoconfigure.logging.ConditionEvaluationReportLoggingListener| |Metodo:logMessage| |Linea: 136| 

Error starting ApplicationContext. To display the conditions report re-run your application with 'debug' enabled.
13/02/2026 16:36:33 INFO : |Clase:org.springframework.boot.StartupInfoLogger| |Metodo:logStarting| |Linea: 55| Starting CloudbedsBatchCrApplication using Java 1.8.0_302 on Hugo-PC with PID 12872 (C:\Proyectos\AgTech\cloudbeds-batch\target\classes started by Lenovo in C:\Proyectos\AgTech\cloudbeds-batch)
13/02/2026 16:36:33 INFO : |Clase:org.springframework.boot.SpringApplication| |Metodo:logStartupProfileInfo| |Linea: 637| The following 1 profile is active: "dev"
13/02/2026 16:36:35 INFO : |Clase:org.springframework.data.repository.config.RepositoryConfigurationDelegate| |Metodo:registerRepositoriesIn| |Linea: 132| Bootstrapping Spring Data JPA repositories in DEFAULT mode.
13/02/2026 16:36:35 INFO : |Clase:org.springframework.data.repository.config.RepositoryConfigurationDelegate| |Metodo:registerRepositoriesIn| |Linea: 201| Finished Spring Data repository scanning in 145 ms. Found 6 JPA repository interfaces.
13/02/2026 16:36:37 INFO : |Clase:org.springframework.boot.web.embedded.tomcat.TomcatWebServer| |Metodo:initialize| |Linea: 108| Tomcat initialized with port(s): 8050 (http)
13/02/2026 16:36:37 INFO : |Clase:org.springframework.boot.web.servlet.context.ServletWebServerApplicationContext| |Metodo:prepareWebApplicationContext| |Linea: 292| Root WebApplicationContext: initialization completed in 4077 ms
13/02/2026 16:36:37 INFO : |Clase:org.hibernate.jpa.internal.util.LogHelper| |Metodo:logPersistenceUnitInformation| |Linea: 31| HHH000204: Processing PersistenceUnitInfo [name: default]
13/02/2026 16:36:38 INFO : |Clase:org.hibernate.Version| |Metodo:logVersion| |Linea: 44| HHH000412: Hibernate ORM core version 5.6.15.Final
13/02/2026 16:36:38 INFO : |Clase:org.hibernate.annotations.common.reflection.java.JavaReflectionManager| |Metodo:<clinit>| |Linea: 56| HCANN000001: Hibernate Commons Annotations {5.1.2.Final}
13/02/2026 16:36:38 INFO : |Clase:org.hibernate.dialect.Dialect| |Metodo:<init>| |Linea: 175| HHH000400: Using dialect: org.hibernate.dialect.PostgreSQLDialect
13/02/2026 16:36:40 INFO : |Clase:org.hibernate.engine.transaction.jta.platform.internal.JtaPlatformInitiator| |Metodo:initiateService| |Linea: 52| HHH000490: Using JtaPlatform implementation: [org.hibernate.engine.transaction.jta.platform.internal.NoJtaPlatform]
13/02/2026 16:36:40 INFO : |Clase:org.springframework.orm.jpa.AbstractEntityManagerFactoryBean| |Metodo:buildNativeEntityManagerFactory| |Linea: 437| Initialized JPA EntityManagerFactory for persistence unit 'default'
13/02/2026 16:36:42 INFO : |Clase:springfox.documentation.spring.web.PropertySourcedRequestMappingHandlerMapping| |Metodo:initHandlerMethods| |Linea: 69| Mapped URL path [/v2/api-docs] onto method [springfox.documentation.swagger2.web.Swagger2Controller#getDocumentation(String, HttpServletRequest)]
13/02/2026 16:36:43 INFO : |Clase:org.springframework.boot.web.embedded.tomcat.TomcatWebServer| |Metodo:start| |Linea: 220| Tomcat started on port(s): 8050 (http) with context path ''
13/02/2026 16:36:44 INFO : |Clase:org.springframework.boot.StartupInfoLogger| |Metodo:logStarted| |Linea: 61| Started CloudbedsBatchCrApplication in 12.301 seconds (JVM running for 14.058)
13/02/2026 16:45:12 INFO : |Clase:org.springframework.boot.StartupInfoLogger| |Metodo:logStarting| |Linea: 55| Starting CloudbedsBatchCrApplication using Java 1.8.0_302 on Hugo-PC with PID 20900 (C:\Proyectos\AgTech\cloudbeds-batch\target\classes started by Lenovo in C:\Proyectos\AgTech\cloudbeds-batch)
13/02/2026 16:45:12 INFO : |Clase:org.springframework.boot.SpringApplication| |Metodo:logStartupProfileInfo| |Linea: 637| The following 1 profile is active: "dev"
13/02/2026 16:45:14 INFO : |Clase:org.springframework.data.repository.config.RepositoryConfigurationDelegate| |Metodo:registerRepositoriesIn| |Linea: 132| Bootstrapping Spring Data JPA repositories in DEFAULT mode.
13/02/2026 16:45:14 INFO : |Clase:org.springframework.data.repository.config.RepositoryConfigurationDelegate| |Metodo:registerRepositoriesIn| |Linea: 201| Finished Spring Data repository scanning in 152 ms. Found 6 JPA repository interfaces.
13/02/2026 16:45:16 INFO : |Clase:org.springframework.boot.web.embedded.tomcat.TomcatWebServer| |Metodo:initialize| |Linea: 108| Tomcat initialized with port(s): 8050 (http)
13/02/2026 16:45:17 INFO : |Clase:org.springframework.boot.web.servlet.context.ServletWebServerApplicationContext| |Metodo:prepareWebApplicationContext| |Linea: 292| Root WebApplicationContext: initialization completed in 3946 ms
13/02/2026 16:45:17 INFO : |Clase:org.hibernate.jpa.internal.util.LogHelper| |Metodo:logPersistenceUnitInformation| |Linea: 31| HHH000204: Processing PersistenceUnitInfo [name: default]
13/02/2026 16:45:17 INFO : |Clase:org.hibernate.Version| |Metodo:logVersion| |Linea: 44| HHH000412: Hibernate ORM core version 5.6.15.Final
13/02/2026 16:45:17 INFO : |Clase:org.hibernate.annotations.common.reflection.java.JavaReflectionManager| |Metodo:<clinit>| |Linea: 56| HCANN000001: Hibernate Commons Annotations {5.1.2.Final}
13/02/2026 16:45:18 INFO : |Clase:org.hibernate.dialect.Dialect| |Metodo:<init>| |Linea: 175| HHH000400: Using dialect: org.hibernate.dialect.PostgreSQLDialect
13/02/2026 16:45:19 INFO : |Clase:org.hibernate.engine.transaction.jta.platform.internal.JtaPlatformInitiator| |Metodo:initiateService| |Linea: 52| HHH000490: Using JtaPlatform implementation: [org.hibernate.engine.transaction.jta.platform.internal.NoJtaPlatform]
13/02/2026 16:45:19 INFO : |Clase:org.springframework.orm.jpa.AbstractEntityManagerFactoryBean| |Metodo:buildNativeEntityManagerFactory| |Linea: 437| Initialized JPA EntityManagerFactory for persistence unit 'default'
13/02/2026 16:45:20 INFO : |Clase:org.springframework.orm.jpa.AbstractEntityManagerFactoryBean| |Metodo:destroy| |Linea: 651| Closing JPA EntityManagerFactory for persistence unit 'default'
13/02/2026 16:45:20 INFO : |Clase:org.springframework.boot.autoconfigure.logging.ConditionEvaluationReportLoggingListener| |Metodo:logMessage| |Linea: 136| 

Error starting ApplicationContext. To display the conditions report re-run your application with 'debug' enabled.
13/02/2026 16:46:20 INFO : |Clase:org.springframework.boot.StartupInfoLogger| |Metodo:logStarting| |Linea: 55| Starting CloudbedsBatchCrApplication using Java 1.8.0_302 on Hugo-PC with PID 20500 (C:\Proyectos\AgTech\cloudbeds-batch\target\classes started by Lenovo in C:\Proyectos\AgTech\cloudbeds-batch)
13/02/2026 16:46:20 INFO : |Clase:org.springframework.boot.SpringApplication| |Metodo:logStartupProfileInfo| |Linea: 637| The following 1 profile is active: "dev"
13/02/2026 16:46:22 INFO : |Clase:org.springframework.data.repository.config.RepositoryConfigurationDelegate| |Metodo:registerRepositoriesIn| |Linea: 132| Bootstrapping Spring Data JPA repositories in DEFAULT mode.
13/02/2026 16:46:22 INFO : |Clase:org.springframework.data.repository.config.RepositoryConfigurationDelegate| |Metodo:registerRepositoriesIn| |Linea: 201| Finished Spring Data repository scanning in 241 ms. Found 6 JPA repository interfaces.
13/02/2026 16:46:24 INFO : |Clase:org.springframework.boot.web.embedded.tomcat.TomcatWebServer| |Metodo:initialize| |Linea: 108| Tomcat initialized with port(s): 8050 (http)
13/02/2026 16:46:24 INFO : |Clase:org.springframework.boot.web.servlet.context.ServletWebServerApplicationContext| |Metodo:prepareWebApplicationContext| |Linea: 292| Root WebApplicationContext: initialization completed in 4475 ms
13/02/2026 16:46:25 INFO : |Clase:org.hibernate.jpa.internal.util.LogHelper| |Metodo:logPersistenceUnitInformation| |Linea: 31| HHH000204: Processing PersistenceUnitInfo [name: default]
13/02/2026 16:46:25 INFO : |Clase:org.hibernate.Version| |Metodo:logVersion| |Linea: 44| HHH000412: Hibernate ORM core version 5.6.15.Final
13/02/2026 16:46:25 INFO : |Clase:org.hibernate.annotations.common.reflection.java.JavaReflectionManager| |Metodo:<clinit>| |Linea: 56| HCANN000001: Hibernate Commons Annotations {5.1.2.Final}
13/02/2026 16:46:25 INFO : |Clase:org.hibernate.dialect.Dialect| |Metodo:<init>| |Linea: 175| HHH000400: Using dialect: org.hibernate.dialect.PostgreSQLDialect
13/02/2026 16:46:27 INFO : |Clase:org.hibernate.engine.transaction.jta.platform.internal.JtaPlatformInitiator| |Metodo:initiateService| |Linea: 52| HHH000490: Using JtaPlatform implementation: [org.hibernate.engine.transaction.jta.platform.internal.NoJtaPlatform]
13/02/2026 16:46:27 INFO : |Clase:org.springframework.orm.jpa.AbstractEntityManagerFactoryBean| |Metodo:buildNativeEntityManagerFactory| |Linea: 437| Initialized JPA EntityManagerFactory for persistence unit 'default'
13/02/2026 16:46:30 INFO : |Clase:springfox.documentation.spring.web.PropertySourcedRequestMappingHandlerMapping| |Metodo:initHandlerMethods| |Linea: 69| Mapped URL path [/v2/api-docs] onto method [springfox.documentation.swagger2.web.Swagger2Controller#getDocumentation(String, HttpServletRequest)]
13/02/2026 16:46:30 INFO : |Clase:org.springframework.boot.web.embedded.tomcat.TomcatWebServer| |Metodo:start| |Linea: 220| Tomcat started on port(s): 8050 (http) with context path ''
13/02/2026 16:46:31 INFO : |Clase:org.springframework.boot.StartupInfoLogger| |Metodo:logStarted| |Linea: 61| Started CloudbedsBatchCrApplication in 12.145 seconds (JVM running for 14.054)
13/02/2026 17:15:26 INFO : |Clase:org.springframework.web.servlet.FrameworkServlet| |Metodo:initServletBean| |Linea: 525| Initializing Servlet 'dispatcherServlet'
13/02/2026 17:15:26 INFO : |Clase:org.springframework.web.servlet.FrameworkServlet| |Metodo:initServletBean| |Linea: 547| Completed initialization in 1 ms
13/02/2026 17:15:26 INFO : |Clase:com.agtech.cloudbedsbatchcr.controller.whController| |Metodo:changeAppState| |Linea: 60| Se recibe solicitud de cambiar el estado de la app en la propiedad 305638 del estado null al estado null
13/02/2026 17:15:26 INFO : |Clase:com.agtech.cloudbedsbatchcr.services.CBService| |Metodo:changeAppState| |Linea: 202| JSON recibido {"version":"1.0","timestamp":1.77102451E9,"event":"reservation/invoice_requested","propertyID":305638,"clientID":0.0,"oldState":null,"newState":null}
13/02/2026 17:17:05 INFO : |Clase:com.agtech.cloudbedsbatchcr.controller.whController| |Metodo:invoice| |Linea: 86| Se recibe la factura 54777947 del hotel 305638
13/02/2026 17:17:05 INFO : |Clase:com.agtech.cloudbedsbatchcr.services.CBService| |Metodo:invoice| |Linea: 672| JSON recibido {"propertyID":305638,"propertyID_str":"305638","reservationID":null,"invoiceID":"54777947","version":"1.0","event":"reservation/invoice_requested","timestamp":1.771024624597134E9}
13/02/2026 17:17:05 INFO : |Clase:com.agtech.cloudbedsbatchcr.services.CBService| |Metodo:invoice| |Linea: 680| Se obtiene informacion de la propiedad 305638 con nombre AgTech Costa Rica
13/02/2026 17:17:07 INFO : |Clase:com.agtech.cloudbedsbatchcr.services.CBService| |Metodo:invoice| |Linea: 689| {"success":true,"data":{"reservationIdentifier":"4206592918549","reservationID":"4206592918549","invoiceID":"54777947","userID":"547915","prefix":"","number":109,"suffix":"","documentIssueDate":"2026-02-13 23:17:04","items":[{"description":"Coca Cola CR","type":"product","quantity":1.0,"totalAmount":"4.424778761","netAmount":"4.424778761","currency":"USD","taxes":[{"name":"ivaCostaRica13","amount":"0.575221239","code":"ivaCostaRica13","taxID":"818703"}],"fees":[]}],"taxes":[{"name":"ivaCostaRica13","amount":"0.575221239","code":"ivaCostaRica13","taxID":"818703"}],"fees":[],"status":"requested","billedTo":{"id":"166038447","type":"guest"}},"statusMessage":null,"statusCode":200,"errorCode":null}
13/02/2026 17:17:07 INFO : |Clase:com.agtech.cloudbedsbatchcr.services.CBService| |Metodo:invoice| |Linea: 693| La factura 54777947 de la reservacion 4206592918549 recibida
13/02/2026 17:17:07 INFO : |Clase:com.agtech.cloudbedsbatchcr.services.TaxService| |Metodo:getTaxesInternal| |Linea: 40| Successfully retrieved tax information
13/02/2026 17:17:07 INFO : |Clase:com.agtech.cloudbedsbatchcr.services.CBService| |Metodo:invoice| |Linea: 741| {"success":true,"data":[{"name":"TaxProducts","code":"taxProducts","amount":"7.00000","amountAdult":null,"amountChild":null,"amountType":"percentage","inclusiveOrExclusive":"inclusive","isDeleted":false,"createdAt":"2026-02-13 00:31:04","expiredAt":null,"childId":null,"type":"tax","taxID":"818636","kind":"vat"},{"name":"Tax","code":"taxReservation","amount":"10.00000","amountAdult":null,"amountChild":null,"amountType":"percentage","inclusiveOrExclusive":"inclusive","isDeleted":false,"createdAt":"2026-02-13 00:31:17","expiredAt":null,"childId":null,"type":"tax","taxID":"818637","kind":"vat"},{"name":"ivaCostaRica13","code":"ivaCostaRica13","amount":"13.00000","amountAdult":null,"amountChild":null,"amountType":"percentage","inclusiveOrExclusive":"inclusive","isDeleted":false,"createdAt":"2026-02-13 23:12:50","expiredAt":null,"childId":null,"type":"tax","taxID":"818703","kind":"vat"}],"total":3}
13/02/2026 17:17:08 INFO : |Clase:com.agtech.cloudbedsbatchcr.services.CBService| |Metodo:getReservationInformation| |Linea: 604| Se obtuvo la información principal de la reservación 4206592918549 correctamente
13/02/2026 17:17:08 INFO : |Clase:com.agtech.cloudbedsbatchcr.services.CBService| |Metodo:getExchange| |Linea: 624| Se compara la fecha actual 2026-02-13 con la ultima fecha guardada null
13/02/2026 17:17:08 INFO : |Clase:com.agtech.cloudbedsbatchcr.services.CBService| |Metodo:invoice| |Linea: 772| El tipo de documento registrado para el huesped Hugo en la reservación 4206592918549 es DNI
13/02/2026 17:17:08 INFO : |Clase:com.agtech.cloudbedsbatchcr.services.UtilService| |Metodo:generateKey| |Linea: 25| generateKey url http://localhost:8024/keygenerator/api/v1/create
13/02/2026 17:19:10 INFO : |Clase:com.agtech.cloudbedsbatchcr.controller.whController| |Metodo:invoice| |Linea: 86| Se recibe la factura 54777947 del hotel 305638
13/02/2026 17:19:10 INFO : |Clase:com.agtech.cloudbedsbatchcr.services.CBService| |Metodo:invoice| |Linea: 672| JSON recibido {"propertyID":305638,"propertyID_str":"305638","reservationID":null,"invoiceID":"54777947","version":"1.0","event":"reservation/invoice_requested","timestamp":1.771024624597134E9}
13/02/2026 17:19:10 INFO : |Clase:com.agtech.cloudbedsbatchcr.services.CBService| |Metodo:invoice| |Linea: 680| Se obtiene informacion de la propiedad 305638 con nombre AgTech Costa Rica
13/02/2026 17:19:11 INFO : |Clase:com.agtech.cloudbedsbatchcr.services.CBService| |Metodo:invoice| |Linea: 689| {"success":true,"data":{"reservationIdentifier":"4206592918549","reservationID":"4206592918549","invoiceID":"54777947","userID":"547915","prefix":"","number":109,"suffix":"","documentIssueDate":"2026-02-13 23:17:04","items":[{"description":"Coca Cola CR","type":"product","quantity":1.0,"totalAmount":"4.424778761","netAmount":"4.424778761","currency":"USD","taxes":[{"name":"ivaCostaRica13","amount":"0.575221239","code":"ivaCostaRica13","taxID":"818703"}],"fees":[]}],"taxes":[{"name":"ivaCostaRica13","amount":"0.575221239","code":"ivaCostaRica13","taxID":"818703"}],"fees":[],"status":"requested","billedTo":{"id":"166038447","type":"guest"}},"statusMessage":null,"statusCode":200,"errorCode":null}
13/02/2026 17:19:11 INFO : |Clase:com.agtech.cloudbedsbatchcr.services.CBService| |Metodo:invoice| |Linea: 693| La factura 54777947 de la reservacion 4206592918549 recibida
13/02/2026 17:19:12 INFO : |Clase:com.agtech.cloudbedsbatchcr.services.TaxService| |Metodo:getTaxesInternal| |Linea: 40| Successfully retrieved tax information
13/02/2026 17:19:12 INFO : |Clase:com.agtech.cloudbedsbatchcr.services.CBService| |Metodo:invoice| |Linea: 741| {"success":true,"data":[{"name":"TaxProducts","code":"taxProducts","amount":"7.00000","amountAdult":null,"amountChild":null,"amountType":"percentage","inclusiveOrExclusive":"inclusive","isDeleted":false,"createdAt":"2026-02-13 00:31:04","expiredAt":null,"childId":null,"type":"tax","taxID":"818636","kind":"vat"},{"name":"Tax","code":"taxReservation","amount":"10.00000","amountAdult":null,"amountChild":null,"amountType":"percentage","inclusiveOrExclusive":"inclusive","isDeleted":false,"createdAt":"2026-02-13 00:31:17","expiredAt":null,"childId":null,"type":"tax","taxID":"818637","kind":"vat"},{"name":"ivaCostaRica13","code":"ivaCostaRica13","amount":"13.00000","amountAdult":null,"amountChild":null,"amountType":"percentage","inclusiveOrExclusive":"inclusive","isDeleted":false,"createdAt":"2026-02-13 23:12:50","expiredAt":null,"childId":null,"type":"tax","taxID":"818703","kind":"vat"}],"total":3}
13/02/2026 17:19:12 INFO : |Clase:com.agtech.cloudbedsbatchcr.services.CBService| |Metodo:getReservationInformation| |Linea: 604| Se obtuvo la información principal de la reservación 4206592918549 correctamente
13/02/2026 17:19:12 INFO : |Clase:com.agtech.cloudbedsbatchcr.services.CBService| |Metodo:getExchange| |Linea: 624| Se compara la fecha actual 2026-02-13 con la ultima fecha guardada null
13/02/2026 17:19:12 INFO : |Clase:com.agtech.cloudbedsbatchcr.services.CBService| |Metodo:invoice| |Linea: 772| El tipo de documento registrado para el huesped Hugo en la reservación 4206592918549 es DNI
13/02/2026 17:19:12 INFO : |Clase:com.agtech.cloudbedsbatchcr.services.UtilService| |Metodo:generateKey| |Linea: 25| generateKey url http://localhost:8024/keygenerator/api/v1/create
13/02/2026 17:19:42 INFO : |Clase:org.springframework.boot.StartupInfoLogger| |Metodo:logStarting| |Linea: 55| Starting CloudbedsBatchCrApplication using Java 1.8.0_302 on Hugo-PC with PID 32284 (C:\Proyectos\AgTech\cloudbeds-batch\target\classes started by Lenovo in C:\Proyectos\AgTech\cloudbeds-batch)
13/02/2026 17:19:42 INFO : |Clase:org.springframework.boot.SpringApplication| |Metodo:logStartupProfileInfo| |Linea: 637| The following 1 profile is active: "dev"
13/02/2026 17:19:45 INFO : |Clase:org.springframework.data.repository.config.RepositoryConfigurationDelegate| |Metodo:registerRepositoriesIn| |Linea: 132| Bootstrapping Spring Data JPA repositories in DEFAULT mode.
13/02/2026 17:19:45 INFO : |Clase:org.springframework.data.repository.config.RepositoryConfigurationDelegate| |Metodo:registerRepositoriesIn| |Linea: 201| Finished Spring Data repository scanning in 262 ms. Found 6 JPA repository interfaces.
13/02/2026 17:19:49 INFO : |Clase:org.springframework.boot.web.embedded.tomcat.TomcatWebServer| |Metodo:initialize| |Linea: 108| Tomcat initialized with port(s): 8050 (http)
13/02/2026 17:19:49 INFO : |Clase:org.springframework.boot.web.servlet.context.ServletWebServerApplicationContext| |Metodo:prepareWebApplicationContext| |Linea: 292| Root WebApplicationContext: initialization completed in 6991 ms
13/02/2026 17:19:50 INFO : |Clase:org.hibernate.jpa.internal.util.LogHelper| |Metodo:logPersistenceUnitInformation| |Linea: 31| HHH000204: Processing PersistenceUnitInfo [name: default]
13/02/2026 17:19:50 INFO : |Clase:org.hibernate.Version| |Metodo:logVersion| |Linea: 44| HHH000412: Hibernate ORM core version 5.6.15.Final
13/02/2026 17:19:51 INFO : |Clase:org.hibernate.annotations.common.reflection.java.JavaReflectionManager| |Metodo:<clinit>| |Linea: 56| HCANN000001: Hibernate Commons Annotations {5.1.2.Final}
13/02/2026 17:19:52 INFO : |Clase:org.hibernate.dialect.Dialect| |Metodo:<init>| |Linea: 175| HHH000400: Using dialect: org.hibernate.dialect.PostgreSQLDialect
13/02/2026 17:19:54 INFO : |Clase:org.hibernate.engine.transaction.jta.platform.internal.JtaPlatformInitiator| |Metodo:initiateService| |Linea: 52| HHH000490: Using JtaPlatform implementation: [org.hibernate.engine.transaction.jta.platform.internal.NoJtaPlatform]
13/02/2026 17:19:54 INFO : |Clase:org.springframework.orm.jpa.AbstractEntityManagerFactoryBean| |Metodo:buildNativeEntityManagerFactory| |Linea: 437| Initialized JPA EntityManagerFactory for persistence unit 'default'
13/02/2026 17:19:59 INFO : |Clase:springfox.documentation.spring.web.PropertySourcedRequestMappingHandlerMapping| |Metodo:initHandlerMethods| |Linea: 69| Mapped URL path [/v2/api-docs] onto method [springfox.documentation.swagger2.web.Swagger2Controller#getDocumentation(String, HttpServletRequest)]
13/02/2026 17:20:01 INFO : |Clase:org.springframework.boot.web.embedded.tomcat.TomcatWebServer| |Metodo:start| |Linea: 220| Tomcat started on port(s): 8050 (http) with context path ''
13/02/2026 17:20:02 INFO : |Clase:org.springframework.boot.StartupInfoLogger| |Metodo:logStarted| |Linea: 61| Started CloudbedsBatchCrApplication in 21.278 seconds (JVM running for 24.32)
13/02/2026 17:20:07 INFO : |Clase:org.springframework.web.servlet.FrameworkServlet| |Metodo:initServletBean| |Linea: 525| Initializing Servlet 'dispatcherServlet'
13/02/2026 17:20:07 INFO : |Clase:org.springframework.web.servlet.FrameworkServlet| |Metodo:initServletBean| |Linea: 547| Completed initialization in 1 ms
13/02/2026 17:20:07 INFO : |Clase:com.agtech.cloudbedsbatchcr.controller.whController| |Metodo:invoice| |Linea: 86| Se recibe la factura 54777988 del hotel 305638
13/02/2026 17:20:07 INFO : |Clase:com.agtech.cloudbedsbatchcr.services.CBService| |Metodo:invoice| |Linea: 672| JSON recibido {"propertyID":305638,"propertyID_str":"305638","reservationID":null,"invoiceID":"54777988","version":"1.0","event":"reservation/invoice_requested","timestamp":1.771024807009801E9}
13/02/2026 17:20:07 INFO : |Clase:com.agtech.cloudbedsbatchcr.services.CBService| |Metodo:invoice| |Linea: 680| Se obtiene informacion de la propiedad 305638 con nombre AgTech Costa Rica
13/02/2026 17:20:08 INFO : |Clase:com.agtech.cloudbedsbatchcr.services.CBService| |Metodo:invoice| |Linea: 689| {"success":true,"data":{"reservationIdentifier":"4206592918549","reservationID":"4206592918549","invoiceID":"54777988","userID":"547915","prefix":"","number":110,"suffix":"","documentIssueDate":"2026-02-13 23:20:06","items":[{"description":"Coca Cola CR","type":"product","quantity":1.0,"totalAmount":"4.424778761","netAmount":"4.424778761","currency":"USD","taxes":[{"name":"ivaCostaRica13","amount":"0.575221239","code":"ivaCostaRica13","taxID":"818703"}],"fees":[]}],"taxes":[{"name":"ivaCostaRica13","amount":"0.575221239","code":"ivaCostaRica13","taxID":"818703"}],"fees":[],"status":"requested","billedTo":{"id":"166038447","type":"guest"}},"statusMessage":null,"statusCode":200,"errorCode":null}
13/02/2026 17:20:08 INFO : |Clase:com.agtech.cloudbedsbatchcr.services.CBService| |Metodo:invoice| |Linea: 693| La factura 54777988 de la reservacion 4206592918549 recibida
13/02/2026 17:20:09 INFO : |Clase:com.agtech.cloudbedsbatchcr.services.TaxService| |Metodo:getTaxesInternal| |Linea: 40| Successfully retrieved tax information
13/02/2026 17:20:09 INFO : |Clase:com.agtech.cloudbedsbatchcr.services.CBService| |Metodo:invoice| |Linea: 741| {"success":true,"data":[{"name":"TaxProducts","code":"taxProducts","amount":"7.00000","amountAdult":null,"amountChild":null,"amountType":"percentage","inclusiveOrExclusive":"inclusive","isDeleted":false,"createdAt":"2026-02-13 00:31:04","expiredAt":null,"childId":null,"type":"tax","taxID":"818636","kind":"vat"},{"name":"Tax","code":"taxReservation","amount":"10.00000","amountAdult":null,"amountChild":null,"amountType":"percentage","inclusiveOrExclusive":"inclusive","isDeleted":false,"createdAt":"2026-02-13 00:31:17","expiredAt":null,"childId":null,"type":"tax","taxID":"818637","kind":"vat"},{"name":"ivaCostaRica13","code":"ivaCostaRica13","amount":"13.00000","amountAdult":null,"amountChild":null,"amountType":"percentage","inclusiveOrExclusive":"inclusive","isDeleted":false,"createdAt":"2026-02-13 23:12:50","expiredAt":null,"childId":null,"type":"tax","taxID":"818703","kind":"vat"}],"total":3}
13/02/2026 17:20:10 INFO : |Clase:com.agtech.cloudbedsbatchcr.services.CBService| |Metodo:getReservationInformation| |Linea: 604| Se obtuvo la información principal de la reservación 4206592918549 correctamente
13/02/2026 17:20:10 INFO : |Clase:com.agtech.cloudbedsbatchcr.services.CBService| |Metodo:getExchange| |Linea: 624| Se compara la fecha actual 2026-02-13 con la ultima fecha guardada null
13/02/2026 17:20:10 INFO : |Clase:com.agtech.cloudbedsbatchcr.services.CBService| |Metodo:invoice| |Linea: 772| El tipo de documento registrado para el huesped Hugo en la reservación 4206592918549 es DNI
13/02/2026 17:20:14 INFO : |Clase:com.agtech.cloudbedsbatchcr.services.UtilService| |Metodo:generateKey| |Linea: 25| generateKey url http://localhost:8024/keygenerator/api/v1/create
13/02/2026 17:20:28 INFO : |Clase:com.agtech.cloudbedsbatchcr.services.CBService| |Metodo:invoice| |Linea: 834| Se crea la clave 50613022600030424054000100001010000000154101002274 en la reservación null
13/02/2026 17:22:12 INFO : |Clase:com.agtech.cloudbedsbatchcr.controller.whController| |Metodo:invoice| |Linea: 86| Se recibe la factura 54777988 del hotel 305638
13/02/2026 17:22:12 INFO : |Clase:com.agtech.cloudbedsbatchcr.services.CBService| |Metodo:invoice| |Linea: 672| JSON recibido {"propertyID":305638,"propertyID_str":"305638","reservationID":null,"invoiceID":"54777988","version":"1.0","event":"reservation/invoice_requested","timestamp":1.771024807009801E9}
13/02/2026 17:22:12 INFO : |Clase:com.agtech.cloudbedsbatchcr.services.CBService| |Metodo:invoice| |Linea: 680| Se obtiene informacion de la propiedad 305638 con nombre AgTech Costa Rica
13/02/2026 17:22:13 INFO : |Clase:com.agtech.cloudbedsbatchcr.services.CBService| |Metodo:invoice| |Linea: 689| {"success":true,"data":{"reservationIdentifier":"4206592918549","reservationID":"4206592918549","invoiceID":"54777988","userID":"547915","prefix":"","number":110,"suffix":"","documentIssueDate":"2026-02-13 23:20:06","items":[{"description":"Coca Cola CR","type":"product","quantity":1.0,"totalAmount":"4.424778761","netAmount":"4.424778761","currency":"USD","taxes":[{"name":"ivaCostaRica13","amount":"0.575221239","code":"ivaCostaRica13","taxID":"818703"}],"fees":[]}],"taxes":[{"name":"ivaCostaRica13","amount":"0.575221239","code":"ivaCostaRica13","taxID":"818703"}],"fees":[],"status":"requested","billedTo":{"id":"166038447","type":"guest"}},"statusMessage":null,"statusCode":200,"errorCode":null}
13/02/2026 17:22:13 INFO : |Clase:com.agtech.cloudbedsbatchcr.services.CBService| |Metodo:invoice| |Linea: 693| La factura 54777988 de la reservacion 4206592918549 recibida
13/02/2026 17:22:13 INFO : |Clase:com.agtech.cloudbedsbatchcr.services.TaxService| |Metodo:getTaxesInternal| |Linea: 40| Successfully retrieved tax information
13/02/2026 17:22:13 INFO : |Clase:com.agtech.cloudbedsbatchcr.services.CBService| |Metodo:invoice| |Linea: 741| {"success":true,"data":[{"name":"TaxProducts","code":"taxProducts","amount":"7.00000","amountAdult":null,"amountChild":null,"amountType":"percentage","inclusiveOrExclusive":"inclusive","isDeleted":false,"createdAt":"2026-02-13 00:31:04","expiredAt":null,"childId":null,"type":"tax","taxID":"818636","kind":"vat"},{"name":"Tax","code":"taxReservation","amount":"10.00000","amountAdult":null,"amountChild":null,"amountType":"percentage","inclusiveOrExclusive":"inclusive","isDeleted":false,"createdAt":"2026-02-13 00:31:17","expiredAt":null,"childId":null,"type":"tax","taxID":"818637","kind":"vat"},{"name":"ivaCostaRica13","code":"ivaCostaRica13","amount":"13.00000","amountAdult":null,"amountChild":null,"amountType":"percentage","inclusiveOrExclusive":"inclusive","isDeleted":false,"createdAt":"2026-02-13 23:12:50","expiredAt":null,"childId":null,"type":"tax","taxID":"818703","kind":"vat"}],"total":3}
13/02/2026 17:22:14 INFO : |Clase:com.agtech.cloudbedsbatchcr.services.CBService| |Metodo:getReservationInformation| |Linea: 604| Se obtuvo la información principal de la reservación 4206592918549 correctamente
13/02/2026 17:22:14 INFO : |Clase:com.agtech.cloudbedsbatchcr.services.CBService| |Metodo:getExchange| |Linea: 624| Se compara la fecha actual 2026-02-13 con la ultima fecha guardada null
13/02/2026 17:22:14 INFO : |Clase:com.agtech.cloudbedsbatchcr.services.CBService| |Metodo:invoice| |Linea: 772| El tipo de documento registrado para el huesped Hugo en la reservación 4206592918549 es DNI
13/02/2026 17:26:36 INFO : |Clase:com.agtech.cloudbedsbatchcr.services.UtilService| |Metodo:generateKey| |Linea: 25| generateKey url http://localhost:8024/keygenerator/api/v1/create
13/02/2026 17:26:36 INFO : |Clase:com.agtech.cloudbedsbatchcr.controller.whController| |Metodo:invoice| |Linea: 86| Se recibe la factura 54778066 del hotel 305638
13/02/2026 17:26:36 INFO : |Clase:com.agtech.cloudbedsbatchcr.controller.whController| |Metodo:invoice| |Linea: 86| Se recibe la factura 54777988 del hotel 305638
13/02/2026 17:26:36 INFO : |Clase:com.agtech.cloudbedsbatchcr.services.CBService| |Metodo:invoice| |Linea: 672| JSON recibido {"propertyID":305638,"propertyID_str":"305638","reservationID":null,"invoiceID":"54777988","version":"1.0","event":"reservation/invoice_requested","timestamp":1.771024807009801E9}
13/02/2026 17:26:36 INFO : |Clase:com.agtech.cloudbedsbatchcr.services.CBService| |Metodo:invoice| |Linea: 672| JSON recibido {"propertyID":305638,"propertyID_str":"305638","reservationID":null,"invoiceID":"54778066","version":"1.0","event":"reservation/invoice_requested","timestamp":1.771025187199872E9}
13/02/2026 17:26:36 INFO : |Clase:com.agtech.cloudbedsbatchcr.services.CBService| |Metodo:invoice| |Linea: 680| Se obtiene informacion de la propiedad 305638 con nombre AgTech Costa Rica
13/02/2026 17:26:36 INFO : |Clase:com.agtech.cloudbedsbatchcr.services.CBService| |Metodo:invoice| |Linea: 680| Se obtiene informacion de la propiedad 305638 con nombre AgTech Costa Rica
13/02/2026 17:26:36 INFO : |Clase:com.agtech.cloudbedsbatchcr.services.CBService| |Metodo:invoice| |Linea: 834| Se crea la clave 50613022600030424054000100001010000000155101002797 en la reservación null
13/02/2026 17:26:37 INFO : |Clase:com.agtech.cloudbedsbatchcr.services.CBService| |Metodo:invoice| |Linea: 689| {"success":true,"data":{"reservationIdentifier":"4206592918549","reservationID":"4206592918549","invoiceID":"54778066","userID":"547915","prefix":"","number":111,"suffix":"","documentIssueDate":"2026-02-13 23:26:27","items":[{"description":"Coca Cola CR","type":"product","quantity":1.0,"totalAmount":"4.424778761","netAmount":"4.424778761","currency":"USD","taxes":[{"name":"ivaCostaRica13","amount":"0.575221239","code":"ivaCostaRica13","taxID":"818703"}],"fees":[]}],"taxes":[{"name":"ivaCostaRica13","amount":"0.575221239","code":"ivaCostaRica13","taxID":"818703"}],"fees":[],"status":"requested","billedTo":{"id":"166038447","type":"guest"}},"statusMessage":null,"statusCode":200,"errorCode":null}
13/02/2026 17:26:37 INFO : |Clase:com.agtech.cloudbedsbatchcr.services.CBService| |Metodo:invoice| |Linea: 689| {"success":true,"data":{"reservationIdentifier":"4206592918549","reservationID":"4206592918549","invoiceID":"54777988","userID":"547915","prefix":"","number":110,"suffix":"","documentIssueDate":"2026-02-13 23:20:06","items":[{"description":"Coca Cola CR","type":"product","quantity":1.0,"totalAmount":"4.424778761","netAmount":"4.424778761","currency":"USD","taxes":[{"name":"ivaCostaRica13","amount":"0.575221239","code":"ivaCostaRica13","taxID":"818703"}],"fees":[]}],"taxes":[{"name":"ivaCostaRica13","amount":"0.575221239","code":"ivaCostaRica13","taxID":"818703"}],"fees":[],"status":"canceled","billedTo":{"id":"166038447","type":"guest"}},"statusMessage":null,"statusCode":200,"errorCode":null}
13/02/2026 17:26:37 INFO : |Clase:com.agtech.cloudbedsbatchcr.services.CBService| |Metodo:invoice| |Linea: 693| La factura 54778066 de la reservacion 4206592918549 recibida
13/02/2026 17:26:37 INFO : |Clase:com.agtech.cloudbedsbatchcr.services.CBService| |Metodo:invoice| |Linea: 697| La factura 54777988 de la reservacion 4206592918549 tiene un estado diferente a open y voided: canceled
13/02/2026 17:26:38 INFO : |Clase:com.agtech.cloudbedsbatchcr.services.TaxService| |Metodo:getTaxesInternal| |Linea: 40| Successfully retrieved tax information
13/02/2026 17:26:38 INFO : |Clase:com.agtech.cloudbedsbatchcr.services.CBService| |Metodo:invoice| |Linea: 741| {"success":true,"data":[{"name":"TaxProducts","code":"taxProducts","amount":"7.00000","amountAdult":null,"amountChild":null,"amountType":"percentage","inclusiveOrExclusive":"inclusive","isDeleted":false,"createdAt":"2026-02-13 00:31:04","expiredAt":null,"childId":null,"type":"tax","taxID":"818636","kind":"vat"},{"name":"Tax","code":"taxReservation","amount":"10.00000","amountAdult":null,"amountChild":null,"amountType":"percentage","inclusiveOrExclusive":"inclusive","isDeleted":false,"createdAt":"2026-02-13 00:31:17","expiredAt":null,"childId":null,"type":"tax","taxID":"818637","kind":"vat"},{"name":"ivaCostaRica13","code":"ivaCostaRica13","amount":"13.00000","amountAdult":null,"amountChild":null,"amountType":"percentage","inclusiveOrExclusive":"inclusive","isDeleted":false,"createdAt":"2026-02-13 23:12:50","expiredAt":null,"childId":null,"type":"tax","taxID":"818703","kind":"vat"}],"total":3}
13/02/2026 17:26:38 INFO : |Clase:com.agtech.cloudbedsbatchcr.services.CBService| |Metodo:getReservationInformation| |Linea: 604| Se obtuvo la información principal de la reservación 4206592918549 correctamente
13/02/2026 17:26:38 INFO : |Clase:com.agtech.cloudbedsbatchcr.services.CBService| |Metodo:getExchange| |Linea: 624| Se compara la fecha actual 2026-02-13 con la ultima fecha guardada null
13/02/2026 17:26:38 INFO : |Clase:com.agtech.cloudbedsbatchcr.services.CBService| |Metodo:invoice| |Linea: 772| El tipo de documento registrado para el huesped Hugo en la reservación 4206592918549 es DNI
13/02/2026 17:26:41 INFO : |Clase:com.agtech.cloudbedsbatchcr.services.UtilService| |Metodo:generateKey| |Linea: 25| generateKey url http://localhost:8024/keygenerator/api/v1/create
13/02/2026 17:26:42 INFO : |Clase:com.agtech.cloudbedsbatchcr.services.CBService| |Metodo:invoice| |Linea: 834| Se crea la clave 50613022600030424054000100001010000000156101002669 en la reservación null
13/02/2026 17:28:32 INFO : |Clase:com.agtech.cloudbedsbatchcr.controller.whController| |Metodo:invoice| |Linea: 86| Se recibe la factura 54778066 del hotel 305638
13/02/2026 17:28:32 INFO : |Clase:com.agtech.cloudbedsbatchcr.services.CBService| |Metodo:invoice| |Linea: 672| JSON recibido {"propertyID":305638,"propertyID_str":"305638","reservationID":null,"invoiceID":"54778066","version":"1.0","event":"reservation/invoice_requested","timestamp":1.771025187199872E9}
13/02/2026 17:28:32 INFO : |Clase:com.agtech.cloudbedsbatchcr.services.CBService| |Metodo:invoice| |Linea: 680| Se obtiene informacion de la propiedad 305638 con nombre AgTech Costa Rica
13/02/2026 17:28:33 INFO : |Clase:com.agtech.cloudbedsbatchcr.services.CBService| |Metodo:invoice| |Linea: 689| {"success":true,"data":{"reservationIdentifier":"4206592918549","reservationID":"4206592918549","invoiceID":"54778066","userID":"547915","prefix":"","number":111,"suffix":"","documentIssueDate":"2026-02-13 23:26:27","items":[{"description":"Coca Cola CR","type":"product","quantity":1.0,"totalAmount":"4.424778761","netAmount":"4.424778761","currency":"USD","taxes":[{"name":"ivaCostaRica13","amount":"0.575221239","code":"ivaCostaRica13","taxID":"818703"}],"fees":[]}],"taxes":[{"name":"ivaCostaRica13","amount":"0.575221239","code":"ivaCostaRica13","taxID":"818703"}],"fees":[],"status":"requested","billedTo":{"id":"166038447","type":"guest"}},"statusMessage":null,"statusCode":200,"errorCode":null}
13/02/2026 17:28:33 INFO : |Clase:com.agtech.cloudbedsbatchcr.services.CBService| |Metodo:invoice| |Linea: 693| La factura 54778066 de la reservacion 4206592918549 recibida
13/02/2026 17:28:34 INFO : |Clase:com.agtech.cloudbedsbatchcr.services.TaxService| |Metodo:getTaxesInternal| |Linea: 40| Successfully retrieved tax information
13/02/2026 17:28:34 INFO : |Clase:com.agtech.cloudbedsbatchcr.services.CBService| |Metodo:invoice| |Linea: 741| {"success":true,"data":[{"name":"TaxProducts","code":"taxProducts","amount":"7.00000","amountAdult":null,"amountChild":null,"amountType":"percentage","inclusiveOrExclusive":"inclusive","isDeleted":false,"createdAt":"2026-02-13 00:31:04","expiredAt":null,"childId":null,"type":"tax","taxID":"818636","kind":"vat"},{"name":"Tax","code":"taxReservation","amount":"10.00000","amountAdult":null,"amountChild":null,"amountType":"percentage","inclusiveOrExclusive":"inclusive","isDeleted":false,"createdAt":"2026-02-13 00:31:17","expiredAt":null,"childId":null,"type":"tax","taxID":"818637","kind":"vat"},{"name":"ivaCostaRica13","code":"ivaCostaRica13","amount":"13.00000","amountAdult":null,"amountChild":null,"amountType":"percentage","inclusiveOrExclusive":"inclusive","isDeleted":false,"createdAt":"2026-02-13 23:12:50","expiredAt":null,"childId":null,"type":"tax","taxID":"818703","kind":"vat"}],"total":3}
13/02/2026 17:28:34 INFO : |Clase:com.agtech.cloudbedsbatchcr.services.CBService| |Metodo:getReservationInformation| |Linea: 604| Se obtuvo la información principal de la reservación 4206592918549 correctamente
13/02/2026 17:28:34 INFO : |Clase:com.agtech.cloudbedsbatchcr.services.CBService| |Metodo:getExchange| |Linea: 624| Se compara la fecha actual 2026-02-13 con la ultima fecha guardada null
13/02/2026 17:28:34 INFO : |Clase:com.agtech.cloudbedsbatchcr.services.CBService| |Metodo:invoice| |Linea: 772| El tipo de documento registrado para el huesped Hugo en la reservación 4206592918549 es DNI
13/02/2026 17:39:08 INFO : |Clase:com.agtech.cloudbedsbatchcr.services.UtilService| |Metodo:generateKey| |Linea: 25| generateKey url http://localhost:8024/keygenerator/api/v1/create
13/02/2026 17:39:08 INFO : |Clase:com.agtech.cloudbedsbatchcr.controller.whController| |Metodo:invoice| |Linea: 86| Se recibe la factura 54778257 del hotel 305638
13/02/2026 17:39:08 INFO : |Clase:com.agtech.cloudbedsbatchcr.controller.whController| |Metodo:invoice| |Linea: 86| Se recibe la factura 54777988 del hotel 305638
13/02/2026 17:39:08 INFO : |Clase:com.agtech.cloudbedsbatchcr.controller.whController| |Metodo:invoice| |Linea: 86| Se recibe la factura 54778066 del hotel 305638
13/02/2026 17:39:08 INFO : |Clase:com.agtech.cloudbedsbatchcr.services.CBService| |Metodo:invoice| |Linea: 672| JSON recibido {"propertyID":305638,"propertyID_str":"305638","reservationID":null,"invoiceID":"54778066","version":"1.0","event":"reservation/invoice_requested","timestamp":1.771025187199872E9}
13/02/2026 17:39:08 INFO : |Clase:com.agtech.cloudbedsbatchcr.services.CBService| |Metodo:invoice| |Linea: 672| JSON recibido {"propertyID":305638,"propertyID_str":"305638","reservationID":null,"invoiceID":"54778257","version":"1.0","event":"reservation/invoice_requested","timestamp":1.771025943201457E9}
13/02/2026 17:39:08 INFO : |Clase:com.agtech.cloudbedsbatchcr.services.CBService| |Metodo:invoice| |Linea: 672| JSON recibido {"propertyID":305638,"propertyID_str":"305638","reservationID":null,"invoiceID":"54777988","version":"1.0","event":"reservation/invoice_requested","timestamp":1.771024807009801E9}
13/02/2026 17:39:08 INFO : |Clase:com.agtech.cloudbedsbatchcr.services.CBService| |Metodo:invoice| |Linea: 680| Se obtiene informacion de la propiedad 305638 con nombre AgTech Costa Rica
13/02/2026 17:39:08 INFO : |Clase:com.agtech.cloudbedsbatchcr.services.CBService| |Metodo:invoice| |Linea: 680| Se obtiene informacion de la propiedad 305638 con nombre AgTech Costa Rica
13/02/2026 17:39:08 INFO : |Clase:com.agtech.cloudbedsbatchcr.services.CBService| |Metodo:invoice| |Linea: 680| Se obtiene informacion de la propiedad 305638 con nombre AgTech Costa Rica
13/02/2026 17:39:09 INFO : |Clase:com.agtech.cloudbedsbatchcr.services.CBService| |Metodo:invoice| |Linea: 834| Se crea la clave 50613022600030424054000100001010000000157101003053 en la reservación null
13/02/2026 17:39:10 INFO : |Clase:com.agtech.cloudbedsbatchcr.services.CBService| |Metodo:invoice| |Linea: 689| {"success":true,"data":{"reservationIdentifier":"4206592918549","reservationID":"4206592918549","invoiceID":"54777988","userID":"547915","prefix":"","number":110,"suffix":"","documentIssueDate":"2026-02-13 23:20:06","items":[{"description":"Coca Cola CR","type":"product","quantity":1.0,"totalAmount":"4.424778761","netAmount":"4.424778761","currency":"USD","taxes":[{"name":"ivaCostaRica13","amount":"0.575221239","code":"ivaCostaRica13","taxID":"818703"}],"fees":[]}],"taxes":[{"name":"ivaCostaRica13","amount":"0.575221239","code":"ivaCostaRica13","taxID":"818703"}],"fees":[],"status":"canceled","billedTo":{"id":"166038447","type":"guest"}},"statusMessage":null,"statusCode":200,"errorCode":null}
13/02/2026 17:39:10 INFO : |Clase:com.agtech.cloudbedsbatchcr.services.CBService| |Metodo:invoice| |Linea: 697| La factura 54777988 de la reservacion 4206592918549 tiene un estado diferente a open y voided: canceled
13/02/2026 17:39:10 INFO : |Clase:com.agtech.cloudbedsbatchcr.services.CBService| |Metodo:invoice| |Linea: 689| {"success":true,"data":{"reservationIdentifier":"4206592918549","reservationID":"4206592918549","invoiceID":"54778066","userID":"547915","prefix":"","number":111,"suffix":"","documentIssueDate":"2026-02-13 23:26:27","items":[{"description":"Coca Cola CR","type":"product","quantity":1.0,"totalAmount":"4.424778761","netAmount":"4.424778761","currency":"USD","taxes":[{"name":"ivaCostaRica13","amount":"0.575221239","code":"ivaCostaRica13","taxID":"818703"}],"fees":[]}],"taxes":[{"name":"ivaCostaRica13","amount":"0.575221239","code":"ivaCostaRica13","taxID":"818703"}],"fees":[],"status":"canceled","billedTo":{"id":"166038447","type":"guest"}},"statusMessage":null,"statusCode":200,"errorCode":null}
13/02/2026 17:39:10 INFO : |Clase:com.agtech.cloudbedsbatchcr.services.CBService| |Metodo:invoice| |Linea: 697| La factura 54778066 de la reservacion 4206592918549 tiene un estado diferente a open y voided: canceled
13/02/2026 17:39:11 INFO : |Clase:com.agtech.cloudbedsbatchcr.services.CBService| |Metodo:invoice| |Linea: 689| {"success":true,"data":{"reservationIdentifier":"4206592918549","reservationID":"4206592918549","invoiceID":"54778257","userID":"547915","prefix":"","number":112,"suffix":"","documentIssueDate":"2026-02-13 23:39:03","items":[{"description":"Coca Cola CR","type":"product","quantity":1.0,"totalAmount":"4.424778761","netAmount":"4.424778761","currency":"USD","taxes":[{"name":"ivaCostaRica13","amount":"0.575221239","code":"ivaCostaRica13","taxID":"818703"}],"fees":[]}],"taxes":[{"name":"ivaCostaRica13","amount":"0.575221239","code":"ivaCostaRica13","taxID":"818703"}],"fees":[],"status":"requested","billedTo":{"id":"166038447","type":"guest"}},"statusMessage":null,"statusCode":200,"errorCode":null}
13/02/2026 17:39:11 INFO : |Clase:com.agtech.cloudbedsbatchcr.services.CBService| |Metodo:invoice| |Linea: 693| La factura 54778257 de la reservacion 4206592918549 recibida
13/02/2026 17:39:11 INFO : |Clase:com.agtech.cloudbedsbatchcr.services.TaxService| |Metodo:getTaxesInternal| |Linea: 40| Successfully retrieved tax information
13/02/2026 17:39:11 INFO : |Clase:com.agtech.cloudbedsbatchcr.services.CBService| |Metodo:invoice| |Linea: 741| {"success":true,"data":[{"name":"TaxProducts","code":"taxProducts","amount":"7.00000","amountAdult":null,"amountChild":null,"amountType":"percentage","inclusiveOrExclusive":"inclusive","isDeleted":false,"createdAt":"2026-02-13 00:31:04","expiredAt":null,"childId":null,"type":"tax","taxID":"818636","kind":"vat"},{"name":"Tax","code":"taxReservation","amount":"10.00000","amountAdult":null,"amountChild":null,"amountType":"percentage","inclusiveOrExclusive":"inclusive","isDeleted":false,"createdAt":"2026-02-13 00:31:17","expiredAt":null,"childId":null,"type":"tax","taxID":"818637","kind":"vat"},{"name":"ivaCostaRica13","code":"ivaCostaRica13","amount":"13.00000","amountAdult":null,"amountChild":null,"amountType":"percentage","inclusiveOrExclusive":"inclusive","isDeleted":false,"createdAt":"2026-02-13 23:12:50","expiredAt":null,"childId":null,"type":"tax","taxID":"818703","kind":"vat"}],"total":3}
13/02/2026 17:39:11 INFO : |Clase:com.agtech.cloudbedsbatchcr.services.CBService| |Metodo:getReservationInformation| |Linea: 604| Se obtuvo la información principal de la reservación 4206592918549 correctamente
13/02/2026 17:39:11 INFO : |Clase:com.agtech.cloudbedsbatchcr.services.CBService| |Metodo:getExchange| |Linea: 624| Se compara la fecha actual 2026-02-13 con la ultima fecha guardada null
13/02/2026 17:39:11 INFO : |Clase:com.agtech.cloudbedsbatchcr.services.CBService| |Metodo:invoice| |Linea: 772| El tipo de documento registrado para el huesped Hugo en la reservación 4206592918549 es DNI
13/02/2026 17:39:12 INFO : |Clase:com.agtech.cloudbedsbatchcr.services.UtilService| |Metodo:generateKey| |Linea: 25| generateKey url http://localhost:8024/keygenerator/api/v1/create
13/02/2026 17:39:13 INFO : |Clase:com.agtech.cloudbedsbatchcr.services.CBService| |Metodo:invoice| |Linea: 834| Se crea la clave 50613022600030424054000100001010000000158101002842 en la reservación null
13/02/2026 17:40:42 INFO : |Clase:com.agtech.cloudbedsbatchcr.controller.whController| |Metodo:invoice| |Linea: 86| Se recibe la factura 54778066 del hotel 305638
13/02/2026 17:40:42 INFO : |Clase:com.agtech.cloudbedsbatchcr.services.CBService| |Metodo:invoice| |Linea: 672| JSON recibido {"propertyID":305638,"propertyID_str":"305638","reservationID":null,"invoiceID":"54778066","version":"1.0","event":"reservation/invoice_requested","timestamp":1.771025187199872E9}
13/02/2026 17:40:42 INFO : |Clase:com.agtech.cloudbedsbatchcr.services.CBService| |Metodo:invoice| |Linea: 680| Se obtiene informacion de la propiedad 305638 con nombre AgTech Costa Rica
13/02/2026 17:40:43 INFO : |Clase:com.agtech.cloudbedsbatchcr.services.CBService| |Metodo:invoice| |Linea: 689| {"success":true,"data":{"reservationIdentifier":"4206592918549","reservationID":"4206592918549","invoiceID":"54778066","userID":"547915","prefix":"","number":111,"suffix":"","documentIssueDate":"2026-02-13 23:26:27","items":[{"description":"Coca Cola CR","type":"product","quantity":1.0,"totalAmount":"4.424778761","netAmount":"4.424778761","currency":"USD","taxes":[{"name":"ivaCostaRica13","amount":"0.575221239","code":"ivaCostaRica13","taxID":"818703"}],"fees":[]}],"taxes":[{"name":"ivaCostaRica13","amount":"0.575221239","code":"ivaCostaRica13","taxID":"818703"}],"fees":[],"status":"canceled","billedTo":{"id":"166038447","type":"guest"}},"statusMessage":null,"statusCode":200,"errorCode":null}
13/02/2026 17:40:43 INFO : |Clase:com.agtech.cloudbedsbatchcr.services.CBService| |Metodo:invoice| |Linea: 697| La factura 54778066 de la reservacion 4206592918549 tiene un estado diferente a open y voided: canceled
13/02/2026 17:41:08 INFO : |Clase:com.agtech.cloudbedsbatchcr.controller.whController| |Metodo:invoice| |Linea: 86| Se recibe la factura 54778257 del hotel 305638
13/02/2026 17:41:08 INFO : |Clase:com.agtech.cloudbedsbatchcr.services.CBService| |Metodo:invoice| |Linea: 672| JSON recibido {"propertyID":305638,"propertyID_str":"305638","reservationID":null,"invoiceID":"54778257","version":"1.0","event":"reservation/invoice_requested","timestamp":1.771025943201457E9}
13/02/2026 17:41:08 INFO : |Clase:com.agtech.cloudbedsbatchcr.services.CBService| |Metodo:invoice| |Linea: 680| Se obtiene informacion de la propiedad 305638 con nombre AgTech Costa Rica
13/02/2026 17:41:09 INFO : |Clase:com.agtech.cloudbedsbatchcr.services.CBService| |Metodo:invoice| |Linea: 689| {"success":true,"data":{"reservationIdentifier":"4206592918549","reservationID":"4206592918549","invoiceID":"54778257","userID":"547915","prefix":"","number":112,"suffix":"","documentIssueDate":"2026-02-13 23:39:03","items":[{"description":"Coca Cola CR","type":"product","quantity":1.0,"totalAmount":"4.424778761","netAmount":"4.424778761","currency":"USD","taxes":[{"name":"ivaCostaRica13","amount":"0.575221239","code":"ivaCostaRica13","taxID":"818703"}],"fees":[]}],"taxes":[{"name":"ivaCostaRica13","amount":"0.575221239","code":"ivaCostaRica13","taxID":"818703"}],"fees":[],"status":"requested","billedTo":{"id":"166038447","type":"guest"}},"statusMessage":null,"statusCode":200,"errorCode":null}
13/02/2026 17:41:09 INFO : |Clase:com.agtech.cloudbedsbatchcr.services.CBService| |Metodo:invoice| |Linea: 693| La factura 54778257 de la reservacion 4206592918549 recibida
13/02/2026 17:41:09 INFO : |Clase:com.agtech.cloudbedsbatchcr.services.TaxService| |Metodo:getTaxesInternal| |Linea: 40| Successfully retrieved tax information
13/02/2026 17:41:09 INFO : |Clase:com.agtech.cloudbedsbatchcr.services.CBService| |Metodo:invoice| |Linea: 741| {"success":true,"data":[{"name":"TaxProducts","code":"taxProducts","amount":"7.00000","amountAdult":null,"amountChild":null,"amountType":"percentage","inclusiveOrExclusive":"inclusive","isDeleted":false,"createdAt":"2026-02-13 00:31:04","expiredAt":null,"childId":null,"type":"tax","taxID":"818636","kind":"vat"},{"name":"Tax","code":"taxReservation","amount":"10.00000","amountAdult":null,"amountChild":null,"amountType":"percentage","inclusiveOrExclusive":"inclusive","isDeleted":false,"createdAt":"2026-02-13 00:31:17","expiredAt":null,"childId":null,"type":"tax","taxID":"818637","kind":"vat"},{"name":"ivaCostaRica13","code":"ivaCostaRica13","amount":"13.00000","amountAdult":null,"amountChild":null,"amountType":"percentage","inclusiveOrExclusive":"inclusive","isDeleted":false,"createdAt":"2026-02-13 23:12:50","expiredAt":null,"childId":null,"type":"tax","taxID":"818703","kind":"vat"}],"total":3}
13/02/2026 17:41:10 INFO : |Clase:com.agtech.cloudbedsbatchcr.services.CBService| |Metodo:getReservationInformation| |Linea: 604| Se obtuvo la información principal de la reservación 4206592918549 correctamente
13/02/2026 17:41:10 INFO : |Clase:com.agtech.cloudbedsbatchcr.services.CBService| |Metodo:getExchange| |Linea: 624| Se compara la fecha actual 2026-02-13 con la ultima fecha guardada null
13/02/2026 17:41:10 INFO : |Clase:com.agtech.cloudbedsbatchcr.services.CBService| |Metodo:invoice| |Linea: 772| El tipo de documento registrado para el huesped Hugo en la reservación 4206592918549 es DNI
13/02/2026 17:41:42 INFO : |Clase:com.agtech.cloudbedsbatchcr.services.UtilService| |Metodo:generateKey| |Linea: 25| generateKey url http://localhost:8024/keygenerator/api/v1/create
13/02/2026 18:55:26 INFO : |Clase:org.springframework.boot.StartupInfoLogger| |Metodo:logStarting| |Linea: 55| Starting CloudbedsBatchCrApplication using Java 1.8.0_302 on Hugo-PC with PID 28432 (C:\Proyectos\AgTech\cloudbeds-batch\target\classes started by Lenovo in C:\Proyectos\AgTech\cloudbeds-batch)
13/02/2026 18:55:26 INFO : |Clase:org.springframework.boot.SpringApplication| |Metodo:logStartupProfileInfo| |Linea: 637| The following 1 profile is active: "dev"
13/02/2026 18:55:28 INFO : |Clase:org.springframework.data.repository.config.RepositoryConfigurationDelegate| |Metodo:registerRepositoriesIn| |Linea: 132| Bootstrapping Spring Data JPA repositories in DEFAULT mode.
13/02/2026 18:55:28 INFO : |Clase:org.springframework.data.repository.config.RepositoryConfigurationDelegate| |Metodo:registerRepositoriesIn| |Linea: 201| Finished Spring Data repository scanning in 181 ms. Found 6 JPA repository interfaces.
13/02/2026 18:55:30 INFO : |Clase:org.springframework.boot.web.embedded.tomcat.TomcatWebServer| |Metodo:initialize| |Linea: 108| Tomcat initialized with port(s): 8050 (http)
13/02/2026 18:55:30 INFO : |Clase:org.springframework.boot.web.servlet.context.ServletWebServerApplicationContext| |Metodo:prepareWebApplicationContext| |Linea: 292| Root WebApplicationContext: initialization completed in 4391 ms
13/02/2026 18:55:30 INFO : |Clase:org.hibernate.jpa.internal.util.LogHelper| |Metodo:logPersistenceUnitInformation| |Linea: 31| HHH000204: Processing PersistenceUnitInfo [name: default]
13/02/2026 18:55:31 INFO : |Clase:org.hibernate.Version| |Metodo:logVersion| |Linea: 44| HHH000412: Hibernate ORM core version 5.6.15.Final
13/02/2026 18:55:31 INFO : |Clase:org.hibernate.annotations.common.reflection.java.JavaReflectionManager| |Metodo:<clinit>| |Linea: 56| HCANN000001: Hibernate Commons Annotations {5.1.2.Final}
13/02/2026 18:55:31 INFO : |Clase:org.hibernate.dialect.Dialect| |Metodo:<init>| |Linea: 175| HHH000400: Using dialect: org.hibernate.dialect.PostgreSQLDialect
13/02/2026 18:55:33 INFO : |Clase:org.hibernate.engine.transaction.jta.platform.internal.JtaPlatformInitiator| |Metodo:initiateService| |Linea: 52| HHH000490: Using JtaPlatform implementation: [org.hibernate.engine.transaction.jta.platform.internal.NoJtaPlatform]
13/02/2026 18:55:33 INFO : |Clase:org.springframework.orm.jpa.AbstractEntityManagerFactoryBean| |Metodo:buildNativeEntityManagerFactory| |Linea: 437| Initialized JPA EntityManagerFactory for persistence unit 'default'
13/02/2026 18:55:35 INFO : |Clase:springfox.documentation.spring.web.PropertySourcedRequestMappingHandlerMapping| |Metodo:initHandlerMethods| |Linea: 69| Mapped URL path [/v2/api-docs] onto method [springfox.documentation.swagger2.web.Swagger2Controller#getDocumentation(String, HttpServletRequest)]
13/02/2026 18:55:36 INFO : |Clase:org.springframework.boot.web.embedded.tomcat.TomcatWebServer| |Metodo:start| |Linea: 220| Tomcat started on port(s): 8050 (http) with context path ''
13/02/2026 18:55:37 INFO : |Clase:org.springframework.amqp.rabbit.connection.AbstractConnectionFactory| |Metodo:connectAddresses| |Linea: 639| Attempting to connect to: [localhost:5672]
13/02/2026 18:55:37 INFO : |Clase:org.springframework.amqp.rabbit.connection.AbstractConnectionFactory| |Metodo:createBareConnection| |Linea: 590| Created new connection: rabbitConnectionFactory#10f397d0:0/SimpleConnection@70e54ec3 [delegate=amqp://guest@127.0.0.1:5672/, localPort= 50690]
13/02/2026 18:55:37 INFO : |Clase:org.springframework.boot.StartupInfoLogger| |Metodo:logStarted| |Linea: 61| Started CloudbedsBatchCrApplication in 12.269 seconds (JVM running for 13.945)
13/02/2026 18:55:53 INFO : |Clase:org.springframework.amqp.rabbit.listener.SimpleMessageListenerContainer| |Metodo:lambda$shutdownAndWaitOrCallback$2| |Linea: 645| Waiting for workers to finish.
13/02/2026 18:56:01 INFO : |Clase:org.springframework.boot.StartupInfoLogger| |Metodo:logStarting| |Linea: 55| Starting CloudbedsBatchCrApplication using Java 1.8.0_302 on Hugo-PC with PID 28884 (C:\Proyectos\AgTech\cloudbeds-batch\target\classes started by Lenovo in C:\Proyectos\AgTech\cloudbeds-batch)
13/02/2026 18:56:01 INFO : |Clase:org.springframework.boot.SpringApplication| |Metodo:logStartupProfileInfo| |Linea: 637| The following 1 profile is active: "dev"
13/02/2026 18:56:04 INFO : |Clase:org.springframework.data.repository.config.RepositoryConfigurationDelegate| |Metodo:registerRepositoriesIn| |Linea: 132| Bootstrapping Spring Data JPA repositories in DEFAULT mode.
13/02/2026 18:56:05 INFO : |Clase:org.springframework.data.repository.config.RepositoryConfigurationDelegate| |Metodo:registerRepositoriesIn| |Linea: 201| Finished Spring Data repository scanning in 270 ms. Found 6 JPA repository interfaces.
13/02/2026 18:56:07 INFO : |Clase:org.springframework.boot.web.embedded.tomcat.TomcatWebServer| |Metodo:initialize| |Linea: 108| Tomcat initialized with port(s): 8050 (http)
13/02/2026 18:56:08 INFO : |Clase:org.springframework.boot.web.servlet.context.ServletWebServerApplicationContext| |Metodo:prepareWebApplicationContext| |Linea: 292| Root WebApplicationContext: initialization completed in 6328 ms
13/02/2026 18:56:08 INFO : |Clase:org.hibernate.jpa.internal.util.LogHelper| |Metodo:logPersistenceUnitInformation| |Linea: 31| HHH000204: Processing PersistenceUnitInfo [name: default]
13/02/2026 18:56:09 INFO : |Clase:org.hibernate.Version| |Metodo:logVersion| |Linea: 44| HHH000412: Hibernate ORM core version 5.6.15.Final
13/02/2026 18:56:09 INFO : |Clase:org.hibernate.annotations.common.reflection.java.JavaReflectionManager| |Metodo:<clinit>| |Linea: 56| HCANN000001: Hibernate Commons Annotations {5.1.2.Final}
13/02/2026 18:56:10 INFO : |Clase:org.hibernate.dialect.Dialect| |Metodo:<init>| |Linea: 175| HHH000400: Using dialect: org.hibernate.dialect.PostgreSQLDialect
13/02/2026 18:56:12 INFO : |Clase:org.hibernate.engine.transaction.jta.platform.internal.JtaPlatformInitiator| |Metodo:initiateService| |Linea: 52| HHH000490: Using JtaPlatform implementation: [org.hibernate.engine.transaction.jta.platform.internal.NoJtaPlatform]
13/02/2026 18:56:12 INFO : |Clase:org.springframework.orm.jpa.AbstractEntityManagerFactoryBean| |Metodo:buildNativeEntityManagerFactory| |Linea: 437| Initialized JPA EntityManagerFactory for persistence unit 'default'
13/02/2026 18:56:14 INFO : |Clase:springfox.documentation.spring.web.PropertySourcedRequestMappingHandlerMapping| |Metodo:initHandlerMethods| |Linea: 69| Mapped URL path [/v2/api-docs] onto method [springfox.documentation.swagger2.web.Swagger2Controller#getDocumentation(String, HttpServletRequest)]
13/02/2026 18:56:16 INFO : |Clase:org.springframework.boot.web.embedded.tomcat.TomcatWebServer| |Metodo:start| |Linea: 220| Tomcat started on port(s): 8050 (http) with context path ''
13/02/2026 18:56:16 INFO : |Clase:org.springframework.amqp.rabbit.connection.AbstractConnectionFactory| |Metodo:connectAddresses| |Linea: 639| Attempting to connect to: [localhost:5672]
13/02/2026 18:56:16 INFO : |Clase:org.springframework.amqp.rabbit.connection.AbstractConnectionFactory| |Metodo:createBareConnection| |Linea: 590| Created new connection: rabbitConnectionFactory#10d49900:0/SimpleConnection@67ceaa9 [delegate=amqp://guest@127.0.0.1:5672/, localPort= 53493]
13/02/2026 18:56:17 INFO : |Clase:org.springframework.boot.StartupInfoLogger| |Metodo:logStarted| |Linea: 61| Started CloudbedsBatchCrApplication in 17.116 seconds (JVM running for 19.683)
13/02/2026 18:57:35 INFO : |Clase:org.springframework.amqp.rabbit.listener.SimpleMessageListenerContainer| |Metodo:lambda$shutdownAndWaitOrCallback$2| |Linea: 645| Waiting for workers to finish.
13/02/2026 18:57:35 INFO : |Clase:org.springframework.amqp.rabbit.listener.SimpleMessageListenerContainer| |Metodo:lambda$shutdownAndWaitOrCallback$2| |Linea: 649| Successfully waited for workers to finish.
13/02/2026 18:57:36 INFO : |Clase:org.springframework.orm.jpa.AbstractEntityManagerFactoryBean| |Metodo:destroy| |Linea: 651| Closing JPA EntityManagerFactory for persistence unit 'default'
13/02/2026 18:57:49 INFO : |Clase:org.springframework.boot.StartupInfoLogger| |Metodo:logStarting| |Linea: 55| Starting CloudbedsBatchCrApplication using Java 1.8.0_302 on Hugo-PC with PID 19812 (C:\Proyectos\AgTech\cloudbeds-batch\target\classes started by Lenovo in C:\Proyectos\AgTech\cloudbeds-batch)
13/02/2026 18:57:49 INFO : |Clase:org.springframework.boot.SpringApplication| |Metodo:logStartupProfileInfo| |Linea: 637| The following 1 profile is active: "dev"
13/02/2026 18:57:51 INFO : |Clase:org.springframework.data.repository.config.RepositoryConfigurationDelegate| |Metodo:registerRepositoriesIn| |Linea: 132| Bootstrapping Spring Data JPA repositories in DEFAULT mode.
13/02/2026 18:57:51 INFO : |Clase:org.springframework.data.repository.config.RepositoryConfigurationDelegate| |Metodo:registerRepositoriesIn| |Linea: 201| Finished Spring Data repository scanning in 366 ms. Found 6 JPA repository interfaces.
13/02/2026 18:57:54 INFO : |Clase:org.springframework.boot.web.embedded.tomcat.TomcatWebServer| |Metodo:initialize| |Linea: 108| Tomcat initialized with port(s): 8050 (http)
13/02/2026 18:57:54 INFO : |Clase:org.springframework.boot.web.servlet.context.ServletWebServerApplicationContext| |Metodo:prepareWebApplicationContext| |Linea: 292| Root WebApplicationContext: initialization completed in 5387 ms
13/02/2026 18:57:54 INFO : |Clase:org.hibernate.jpa.internal.util.LogHelper| |Metodo:logPersistenceUnitInformation| |Linea: 31| HHH000204: Processing PersistenceUnitInfo [name: default]
13/02/2026 18:57:55 INFO : |Clase:org.hibernate.Version| |Metodo:logVersion| |Linea: 44| HHH000412: Hibernate ORM core version 5.6.15.Final
13/02/2026 18:57:55 INFO : |Clase:org.hibernate.annotations.common.reflection.java.JavaReflectionManager| |Metodo:<clinit>| |Linea: 56| HCANN000001: Hibernate Commons Annotations {5.1.2.Final}
13/02/2026 18:57:56 INFO : |Clase:org.hibernate.dialect.Dialect| |Metodo:<init>| |Linea: 175| HHH000400: Using dialect: org.hibernate.dialect.PostgreSQLDialect
13/02/2026 18:57:58 INFO : |Clase:org.hibernate.engine.transaction.jta.platform.internal.JtaPlatformInitiator| |Metodo:initiateService| |Linea: 52| HHH000490: Using JtaPlatform implementation: [org.hibernate.engine.transaction.jta.platform.internal.NoJtaPlatform]
13/02/2026 18:57:58 INFO : |Clase:org.springframework.orm.jpa.AbstractEntityManagerFactoryBean| |Metodo:buildNativeEntityManagerFactory| |Linea: 437| Initialized JPA EntityManagerFactory for persistence unit 'default'
13/02/2026 18:58:01 INFO : |Clase:springfox.documentation.spring.web.PropertySourcedRequestMappingHandlerMapping| |Metodo:initHandlerMethods| |Linea: 69| Mapped URL path [/v2/api-docs] onto method [springfox.documentation.swagger2.web.Swagger2Controller#getDocumentation(String, HttpServletRequest)]
13/02/2026 18:58:02 INFO : |Clase:org.springframework.boot.web.embedded.tomcat.TomcatWebServer| |Metodo:start| |Linea: 220| Tomcat started on port(s): 8050 (http) with context path ''
13/02/2026 18:58:03 INFO : |Clase:org.springframework.amqp.rabbit.connection.AbstractConnectionFactory| |Metodo:connectAddresses| |Linea: 639| Attempting to connect to: [localhost:5672]
13/02/2026 18:58:03 INFO : |Clase:org.springframework.amqp.rabbit.connection.AbstractConnectionFactory| |Metodo:createBareConnection| |Linea: 590| Created new connection: rabbitConnectionFactory#74c04377:0/SimpleConnection@c86c486 [delegate=amqp://guest@127.0.0.1:5672/, localPort= 53551]
13/02/2026 18:58:03 INFO : |Clase:org.springframework.boot.StartupInfoLogger| |Metodo:logStarted| |Linea: 61| Started CloudbedsBatchCrApplication in 15.896 seconds (JVM running for 18.423)
13/02/2026 18:58:18 INFO : |Clase:org.springframework.amqp.rabbit.listener.SimpleMessageListenerContainer| |Metodo:lambda$shutdownAndWaitOrCallback$2| |Linea: 645| Waiting for workers to finish.
13/02/2026 18:58:18 INFO : |Clase:org.springframework.amqp.rabbit.listener.SimpleMessageListenerContainer| |Metodo:lambda$shutdownAndWaitOrCallback$2| |Linea: 649| Successfully waited for workers to finish.
13/02/2026 19:00:02 INFO : |Clase:org.springframework.boot.StartupInfoLogger| |Metodo:logStarting| |Linea: 55| Starting CloudbedsBatchCrApplication using Java 1.8.0_302 on Hugo-PC with PID 33824 (C:\Proyectos\AgTech\cloudbeds-batch\target\classes started by Lenovo in C:\Proyectos\AgTech\cloudbeds-batch)
13/02/2026 19:00:02 INFO : |Clase:org.springframework.boot.SpringApplication| |Metodo:logStartupProfileInfo| |Linea: 637| The following 1 profile is active: "dev"
13/02/2026 19:00:04 INFO : |Clase:org.springframework.data.repository.config.RepositoryConfigurationDelegate| |Metodo:registerRepositoriesIn| |Linea: 132| Bootstrapping Spring Data JPA repositories in DEFAULT mode.
13/02/2026 19:00:05 INFO : |Clase:org.springframework.data.repository.config.RepositoryConfigurationDelegate| |Metodo:registerRepositoriesIn| |Linea: 201| Finished Spring Data repository scanning in 245 ms. Found 6 JPA repository interfaces.
13/02/2026 19:00:07 INFO : |Clase:org.springframework.boot.web.embedded.tomcat.TomcatWebServer| |Metodo:initialize| |Linea: 108| Tomcat initialized with port(s): 8050 (http)
13/02/2026 19:00:07 INFO : |Clase:org.springframework.boot.web.servlet.context.ServletWebServerApplicationContext| |Metodo:prepareWebApplicationContext| |Linea: 292| Root WebApplicationContext: initialization completed in 4521 ms
13/02/2026 19:00:07 INFO : |Clase:org.hibernate.jpa.internal.util.LogHelper| |Metodo:logPersistenceUnitInformation| |Linea: 31| HHH000204: Processing PersistenceUnitInfo [name: default]
13/02/2026 19:00:08 INFO : |Clase:org.hibernate.Version| |Metodo:logVersion| |Linea: 44| HHH000412: Hibernate ORM core version 5.6.15.Final
13/02/2026 19:00:08 INFO : |Clase:org.hibernate.annotations.common.reflection.java.JavaReflectionManager| |Metodo:<clinit>| |Linea: 56| HCANN000001: Hibernate Commons Annotations {5.1.2.Final}
13/02/2026 19:00:08 INFO : |Clase:org.hibernate.dialect.Dialect| |Metodo:<init>| |Linea: 175| HHH000400: Using dialect: org.hibernate.dialect.PostgreSQLDialect
13/02/2026 19:00:11 INFO : |Clase:org.hibernate.engine.transaction.jta.platform.internal.JtaPlatformInitiator| |Metodo:initiateService| |Linea: 52| HHH000490: Using JtaPlatform implementation: [org.hibernate.engine.transaction.jta.platform.internal.NoJtaPlatform]
13/02/2026 19:00:11 INFO : |Clase:org.springframework.orm.jpa.AbstractEntityManagerFactoryBean| |Metodo:buildNativeEntityManagerFactory| |Linea: 437| Initialized JPA EntityManagerFactory for persistence unit 'default'
13/02/2026 19:00:13 INFO : |Clase:springfox.documentation.spring.web.PropertySourcedRequestMappingHandlerMapping| |Metodo:initHandlerMethods| |Linea: 69| Mapped URL path [/v2/api-docs] onto method [springfox.documentation.swagger2.web.Swagger2Controller#getDocumentation(String, HttpServletRequest)]
13/02/2026 19:00:14 INFO : |Clase:org.springframework.boot.web.embedded.tomcat.TomcatWebServer| |Metodo:start| |Linea: 220| Tomcat started on port(s): 8050 (http) with context path ''
13/02/2026 19:00:15 INFO : |Clase:org.springframework.amqp.rabbit.connection.AbstractConnectionFactory| |Metodo:connectAddresses| |Linea: 639| Attempting to connect to: [localhost:5672]
13/02/2026 19:00:15 INFO : |Clase:org.springframework.amqp.rabbit.connection.AbstractConnectionFactory| |Metodo:createBareConnection| |Linea: 590| Created new connection: rabbitConnectionFactory#e645600:0/SimpleConnection@67ceaa9 [delegate=amqp://guest@127.0.0.1:5672/, localPort= 53615]
13/02/2026 19:00:15 INFO : |Clase:org.springframework.boot.StartupInfoLogger| |Metodo:logStarted| |Linea: 61| Started CloudbedsBatchCrApplication in 13.948 seconds (JVM running for 15.99)
13/02/2026 19:01:17 INFO : |Clase:org.springframework.web.servlet.FrameworkServlet| |Metodo:initServletBean| |Linea: 525| Initializing Servlet 'dispatcherServlet'
13/02/2026 19:01:17 INFO : |Clase:org.springframework.web.servlet.FrameworkServlet| |Metodo:initServletBean| |Linea: 547| Completed initialization in 2 ms
13/02/2026 19:01:17 INFO : |Clase:com.agtech.cloudbedsbatchcr.controller.whController| |Metodo:invoice| |Linea: 68| Se recibe la factura 54779611 del hotel 305638
13/02/2026 19:01:17 INFO : |Clase:com.agtech.cloudbedsbatchcr.services.CBService| |Metodo:invoice| |Linea: 350| JSON recibido {"propertyID":305638,"propertyID_str":"305638","reservationID":null,"invoiceID":"54779611","version":"1.0","event":"reservation/invoice_requested","timestamp":1.771030876636052E9}
13/02/2026 19:01:17 INFO : |Clase:com.agtech.cloudbedsbatchcr.services.CBService| |Metodo:invoice| |Linea: 358| Se obtiene informacion de la propiedad 305638 con nombre AgTech Costa Rica
13/02/2026 19:01:18 INFO : |Clase:com.agtech.cloudbedsbatchcr.services.CBService| |Metodo:invoice| |Linea: 367| {"success":true,"data":{"reservationIdentifier":"4206592918549","reservationID":"4206592918549","invoiceID":"54779611","userID":"547915","prefix":"","number":113,"suffix":"","documentIssueDate":"2026-02-14 01:01:16","items":[{"description":"Coca Cola CR","type":"product","quantity":1.0,"totalAmount":"4.424778761","netAmount":"4.424778761","currency":"USD","taxes":[{"name":"ivaCostaRica13","amount":"0.575221239","code":"ivaCostaRica13","taxID":"818703"}],"fees":[]}],"taxes":[{"name":"ivaCostaRica13","amount":"0.575221239","code":"ivaCostaRica13","taxID":"818703"}],"fees":[],"status":"requested","billedTo":{"id":"166038447","type":"guest"}},"statusMessage":null,"statusCode":200,"errorCode":null}
13/02/2026 19:01:18 INFO : |Clase:com.agtech.cloudbedsbatchcr.services.CBService| |Metodo:invoice| |Linea: 371| La factura 54779611 de la reservacion 4206592918549 recibida
13/02/2026 19:01:48 INFO : |Clase:org.springframework.amqp.rabbit.listener.SimpleMessageListenerContainer| |Metodo:lambda$shutdownAndWaitOrCallback$2| |Linea: 645| Waiting for workers to finish.
13/02/2026 19:02:44 INFO : |Clase:org.springframework.boot.StartupInfoLogger| |Metodo:logStarting| |Linea: 55| Starting CloudbedsBatchCrApplication using Java 1.8.0_302 on Hugo-PC with PID 33528 (C:\Proyectos\AgTech\cloudbeds-batch\target\classes started by Lenovo in C:\Proyectos\AgTech\cloudbeds-batch)
13/02/2026 19:02:44 INFO : |Clase:org.springframework.boot.SpringApplication| |Metodo:logStartupProfileInfo| |Linea: 637| The following 1 profile is active: "dev"
13/02/2026 19:02:47 INFO : |Clase:org.springframework.data.repository.config.RepositoryConfigurationDelegate| |Metodo:registerRepositoriesIn| |Linea: 132| Bootstrapping Spring Data JPA repositories in DEFAULT mode.
13/02/2026 19:02:47 INFO : |Clase:org.springframework.data.repository.config.RepositoryConfigurationDelegate| |Metodo:registerRepositoriesIn| |Linea: 201| Finished Spring Data repository scanning in 284 ms. Found 6 JPA repository interfaces.
13/02/2026 19:02:52 INFO : |Clase:org.springframework.boot.web.embedded.tomcat.TomcatWebServer| |Metodo:initialize| |Linea: 108| Tomcat initialized with port(s): 8050 (http)
13/02/2026 19:02:52 INFO : |Clase:org.springframework.boot.web.servlet.context.ServletWebServerApplicationContext| |Metodo:prepareWebApplicationContext| |Linea: 292| Root WebApplicationContext: initialization completed in 8158 ms
13/02/2026 19:02:53 INFO : |Clase:org.hibernate.jpa.internal.util.LogHelper| |Metodo:logPersistenceUnitInformation| |Linea: 31| HHH000204: Processing PersistenceUnitInfo [name: default]
13/02/2026 19:02:54 INFO : |Clase:org.hibernate.Version| |Metodo:logVersion| |Linea: 44| HHH000412: Hibernate ORM core version 5.6.15.Final
13/02/2026 19:02:55 INFO : |Clase:org.hibernate.annotations.common.reflection.java.JavaReflectionManager| |Metodo:<clinit>| |Linea: 56| HCANN000001: Hibernate Commons Annotations {5.1.2.Final}
13/02/2026 19:02:55 INFO : |Clase:org.hibernate.dialect.Dialect| |Metodo:<init>| |Linea: 175| HHH000400: Using dialect: org.hibernate.dialect.PostgreSQLDialect
13/02/2026 19:02:59 INFO : |Clase:org.hibernate.engine.transaction.jta.platform.internal.JtaPlatformInitiator| |Metodo:initiateService| |Linea: 52| HHH000490: Using JtaPlatform implementation: [org.hibernate.engine.transaction.jta.platform.internal.NoJtaPlatform]
13/02/2026 19:02:59 INFO : |Clase:org.springframework.orm.jpa.AbstractEntityManagerFactoryBean| |Metodo:buildNativeEntityManagerFactory| |Linea: 437| Initialized JPA EntityManagerFactory for persistence unit 'default'
13/02/2026 19:03:03 INFO : |Clase:springfox.documentation.spring.web.PropertySourcedRequestMappingHandlerMapping| |Metodo:initHandlerMethods| |Linea: 69| Mapped URL path [/v2/api-docs] onto method [springfox.documentation.swagger2.web.Swagger2Controller#getDocumentation(String, HttpServletRequest)]
13/02/2026 19:03:04 INFO : |Clase:org.springframework.boot.web.embedded.tomcat.TomcatWebServer| |Metodo:start| |Linea: 220| Tomcat started on port(s): 8050 (http) with context path ''
13/02/2026 19:03:05 INFO : |Clase:org.springframework.amqp.rabbit.connection.AbstractConnectionFactory| |Metodo:connectAddresses| |Linea: 639| Attempting to connect to: [localhost:5672]
13/02/2026 19:03:05 INFO : |Clase:org.springframework.amqp.rabbit.connection.AbstractConnectionFactory| |Metodo:createBareConnection| |Linea: 590| Created new connection: rabbitConnectionFactory#e7b3e54:0/SimpleConnection@3ea6faf0 [delegate=amqp://guest@127.0.0.1:5672/, localPort= 52935]
13/02/2026 19:03:05 INFO : |Clase:org.springframework.boot.StartupInfoLogger| |Metodo:logStarted| |Linea: 61| Started CloudbedsBatchCrApplication in 22.392 seconds (JVM running for 25.693)
13/02/2026 19:03:33 INFO : |Clase:org.springframework.web.servlet.FrameworkServlet| |Metodo:initServletBean| |Linea: 525| Initializing Servlet 'dispatcherServlet'
13/02/2026 19:03:33 INFO : |Clase:org.springframework.web.servlet.FrameworkServlet| |Metodo:initServletBean| |Linea: 547| Completed initialization in 1 ms
13/02/2026 19:03:33 INFO : |Clase:com.agtech.cloudbedsbatchcr.controller.whController| |Metodo:invoice| |Linea: 68| Se recibe la factura 54779643 del hotel 305638
13/02/2026 19:03:33 INFO : |Clase:com.agtech.cloudbedsbatchcr.services.CBService| |Metodo:invoice| |Linea: 350| JSON recibido {"propertyID":305638,"propertyID_str":"305638","reservationID":null,"invoiceID":"54779643","version":"1.0","event":"reservation/invoice_requested","timestamp":1.771031012228261E9}
13/02/2026 19:03:33 INFO : |Clase:com.agtech.cloudbedsbatchcr.services.CBService| |Metodo:invoice| |Linea: 358| Se obtiene informacion de la propiedad 305638 con nombre AgTech Costa Rica
13/02/2026 19:03:34 INFO : |Clase:com.agtech.cloudbedsbatchcr.services.CBService| |Metodo:invoice| |Linea: 367| {"success":true,"data":{"reservationIdentifier":"4206592918549","reservationID":"4206592918549","invoiceID":"54779643","userID":"547915","prefix":"","number":115,"suffix":"","documentIssueDate":"2026-02-14 01:03:32","items":[{"description":"Coca Cola CR","type":"product","quantity":1.0,"totalAmount":"4.424778761","netAmount":"4.424778761","currency":"USD","taxes":[{"name":"ivaCostaRica13","amount":"0.575221239","code":"ivaCostaRica13","taxID":"818703"}],"fees":[]}],"taxes":[{"name":"ivaCostaRica13","amount":"0.575221239","code":"ivaCostaRica13","taxID":"818703"}],"fees":[],"status":"requested","billedTo":{"id":"166038447","type":"guest"}},"statusMessage":null,"statusCode":200,"errorCode":null}
13/02/2026 19:03:34 INFO : |Clase:com.agtech.cloudbedsbatchcr.services.CBService| |Metodo:invoice| |Linea: 371| La factura 54779643 de la reservacion 4206592918549 recibida
13/02/2026 19:03:34 INFO : |Clase:com.agtech.cloudbedsbatchcr.services.TaxService| |Metodo:getTaxesInternal| |Linea: 40| Successfully retrieved tax information
13/02/2026 19:03:34 INFO : |Clase:com.agtech.cloudbedsbatchcr.services.CBService| |Metodo:invoice| |Linea: 425| {"success":true,"data":[{"name":"TaxProducts","code":"taxProducts","amount":"7.00000","amountAdult":null,"amountChild":null,"amountType":"percentage","inclusiveOrExclusive":"inclusive","isDeleted":false,"createdAt":"2026-02-13 00:31:04","expiredAt":null,"childId":null,"type":"tax","taxID":"818636","kind":"vat"},{"name":"Tax","code":"taxReservation","amount":"10.00000","amountAdult":null,"amountChild":null,"amountType":"percentage","inclusiveOrExclusive":"inclusive","isDeleted":false,"createdAt":"2026-02-13 00:31:17","expiredAt":null,"childId":null,"type":"tax","taxID":"818637","kind":"vat"},{"name":"ivaCostaRica13","code":"ivaCostaRica13","amount":"13.00000","amountAdult":null,"amountChild":null,"amountType":"percentage","inclusiveOrExclusive":"inclusive","isDeleted":false,"createdAt":"2026-02-13 23:12:50","expiredAt":null,"childId":null,"type":"tax","taxID":"818703","kind":"vat"}],"total":3}
13/02/2026 19:03:35 INFO : |Clase:com.agtech.cloudbedsbatchcr.services.CBService| |Metodo:getReservationInformation| |Linea: 281| Se obtuvo la información principal de la reservación 4206592918549 correctamente
13/02/2026 19:03:35 INFO : |Clase:com.agtech.cloudbedsbatchcr.services.CBService| |Metodo:getExchange| |Linea: 301| Se compara la fecha actual 2026-02-13 con la ultima fecha guardada null
13/02/2026 19:03:35 INFO : |Clase:com.agtech.cloudbedsbatchcr.services.CBService| |Metodo:invoice| |Linea: 452| El tipo de documento registrado para el huesped Hugo en la reservación 4206592918549 es DNI
13/02/2026 19:03:39 INFO : |Clase:com.agtech.cloudbedsbatchcr.services.UtilService| |Metodo:generateKey| |Linea: 25| generateKey url http://localhost:8024/keygenerator/api/v1/create
13/02/2026 19:03:42 INFO : |Clase:com.agtech.cloudbedsbatchcr.services.CBService| |Metodo:invoice| |Linea: 516| Se crea la clave 50613022600030424054000100001010000000160101002375 en la reservación null
13/02/2026 19:05:01 INFO : |Clase:com.agtech.cloudbedsbatchcr.controller.whController| |Metodo:invoice| |Linea: 68| Se recibe la factura 54779639 del hotel 305638
13/02/2026 19:05:01 INFO : |Clase:com.agtech.cloudbedsbatchcr.services.CBService| |Metodo:invoice| |Linea: 350| JSON recibido {"propertyID":305638,"propertyID_str":"305638","reservationID":null,"invoiceID":"54779639","version":"1.0","event":"reservation/invoice_requested","timestamp":1.771030980318901E9}
13/02/2026 19:05:01 INFO : |Clase:com.agtech.cloudbedsbatchcr.services.CBService| |Metodo:invoice| |Linea: 358| Se obtiene informacion de la propiedad 305638 con nombre AgTech Costa Rica
13/02/2026 19:05:02 INFO : |Clase:com.agtech.cloudbedsbatchcr.services.CBService| |Metodo:invoice| |Linea: 367| {"success":true,"data":{"reservationIdentifier":"4206592918549","reservationID":"4206592918549","invoiceID":"54779639","userID":"547915","prefix":"","number":114,"suffix":"","documentIssueDate":"2026-02-14 01:03:00","items":[{"description":"Coca Cola CR","type":"product","quantity":1.0,"totalAmount":"4.424778761","netAmount":"4.424778761","currency":"USD","taxes":[{"name":"ivaCostaRica13","amount":"0.575221239","code":"ivaCostaRica13","taxID":"818703"}],"fees":[]}],"taxes":[{"name":"ivaCostaRica13","amount":"0.575221239","code":"ivaCostaRica13","taxID":"818703"}],"fees":[],"status":"canceled","billedTo":{"id":"166038447","type":"guest"}},"statusMessage":null,"statusCode":200,"errorCode":null}
13/02/2026 19:05:02 INFO : |Clase:com.agtech.cloudbedsbatchcr.services.CBService| |Metodo:invoice| |Linea: 375| La factura 54779639 de la reservacion 4206592918549 tiene un estado diferente a open y voided: canceled
13/02/2026 19:05:37 INFO : |Clase:com.agtech.cloudbedsbatchcr.controller.whController| |Metodo:invoice| |Linea: 68| Se recibe la factura 54779643 del hotel 305638
13/02/2026 19:05:37 INFO : |Clase:com.agtech.cloudbedsbatchcr.services.CBService| |Metodo:invoice| |Linea: 350| JSON recibido {"propertyID":305638,"propertyID_str":"305638","reservationID":null,"invoiceID":"54779643","version":"1.0","event":"reservation/invoice_requested","timestamp":1.771031012228261E9}
13/02/2026 19:05:37 INFO : |Clase:com.agtech.cloudbedsbatchcr.services.CBService| |Metodo:invoice| |Linea: 358| Se obtiene informacion de la propiedad 305638 con nombre AgTech Costa Rica
13/02/2026 19:06:39 INFO : |Clase:com.agtech.cloudbedsbatchcr.services.CBService| |Metodo:invoice| |Linea: 367| {"success":true,"data":{"reservationIdentifier":"4206592918549","reservationID":"4206592918549","invoiceID":"54779643","userID":"547915","prefix":"","number":115,"suffix":"","documentIssueDate":"2026-02-14 01:03:32","items":[{"description":"Coca Cola CR","type":"product","quantity":1.0,"totalAmount":"4.424778761","netAmount":"4.424778761","currency":"USD","taxes":[{"name":"ivaCostaRica13","amount":"0.575221239","code":"ivaCostaRica13","taxID":"818703"}],"fees":[]}],"taxes":[{"name":"ivaCostaRica13","amount":"0.575221239","code":"ivaCostaRica13","taxID":"818703"}],"fees":[],"status":"requested","billedTo":{"id":"166038447","type":"guest"}},"statusMessage":null,"statusCode":200,"errorCode":null}
13/02/2026 19:06:39 INFO : |Clase:com.agtech.cloudbedsbatchcr.services.CBService| |Metodo:invoice| |Linea: 371| La factura 54779643 de la reservacion 4206592918549 recibida
13/02/2026 19:07:52 INFO : |Clase:org.springframework.amqp.rabbit.listener.SimpleMessageListenerContainer| |Metodo:lambda$shutdownAndWaitOrCallback$2| |Linea: 645| Waiting for workers to finish.
13/02/2026 19:08:29 INFO : |Clase:org.springframework.boot.StartupInfoLogger| |Metodo:logStarting| |Linea: 55| Starting CloudbedsBatchCrApplication using Java 1.8.0_302 on Hugo-PC with PID 25224 (C:\Proyectos\AgTech\cloudbeds-batch\target\classes started by Lenovo in C:\Proyectos\AgTech\cloudbeds-batch)
13/02/2026 19:08:29 INFO : |Clase:org.springframework.boot.SpringApplication| |Metodo:logStartupProfileInfo| |Linea: 637| The following 1 profile is active: "dev"
13/02/2026 19:08:31 INFO : |Clase:org.springframework.data.repository.config.RepositoryConfigurationDelegate| |Metodo:registerRepositoriesIn| |Linea: 132| Bootstrapping Spring Data JPA repositories in DEFAULT mode.
13/02/2026 19:08:31 INFO : |Clase:org.springframework.data.repository.config.RepositoryConfigurationDelegate| |Metodo:registerRepositoriesIn| |Linea: 201| Finished Spring Data repository scanning in 217 ms. Found 6 JPA repository interfaces.
13/02/2026 19:08:34 INFO : |Clase:org.springframework.boot.web.embedded.tomcat.TomcatWebServer| |Metodo:initialize| |Linea: 108| Tomcat initialized with port(s): 8050 (http)
13/02/2026 19:08:34 INFO : |Clase:org.springframework.boot.web.servlet.context.ServletWebServerApplicationContext| |Metodo:prepareWebApplicationContext| |Linea: 292| Root WebApplicationContext: initialization completed in 4989 ms
13/02/2026 19:08:34 INFO : |Clase:org.hibernate.jpa.internal.util.LogHelper| |Metodo:logPersistenceUnitInformation| |Linea: 31| HHH000204: Processing PersistenceUnitInfo [name: default]
13/02/2026 19:08:35 INFO : |Clase:org.hibernate.Version| |Metodo:logVersion| |Linea: 44| HHH000412: Hibernate ORM core version 5.6.15.Final
13/02/2026 19:08:35 INFO : |Clase:org.hibernate.annotations.common.reflection.java.JavaReflectionManager| |Metodo:<clinit>| |Linea: 56| HCANN000001: Hibernate Commons Annotations {5.1.2.Final}
13/02/2026 19:08:36 INFO : |Clase:org.hibernate.dialect.Dialect| |Metodo:<init>| |Linea: 175| HHH000400: Using dialect: org.hibernate.dialect.PostgreSQLDialect
13/02/2026 19:08:38 INFO : |Clase:org.hibernate.engine.transaction.jta.platform.internal.JtaPlatformInitiator| |Metodo:initiateService| |Linea: 52| HHH000490: Using JtaPlatform implementation: [org.hibernate.engine.transaction.jta.platform.internal.NoJtaPlatform]
13/02/2026 19:08:38 INFO : |Clase:org.springframework.orm.jpa.AbstractEntityManagerFactoryBean| |Metodo:buildNativeEntityManagerFactory| |Linea: 437| Initialized JPA EntityManagerFactory for persistence unit 'default'
13/02/2026 19:08:41 INFO : |Clase:springfox.documentation.spring.web.PropertySourcedRequestMappingHandlerMapping| |Metodo:initHandlerMethods| |Linea: 69| Mapped URL path [/v2/api-docs] onto method [springfox.documentation.swagger2.web.Swagger2Controller#getDocumentation(String, HttpServletRequest)]
13/02/2026 19:08:43 INFO : |Clase:org.springframework.boot.web.embedded.tomcat.TomcatWebServer| |Metodo:start| |Linea: 220| Tomcat started on port(s): 8050 (http) with context path ''
13/02/2026 19:08:43 INFO : |Clase:org.springframework.amqp.rabbit.connection.AbstractConnectionFactory| |Metodo:connectAddresses| |Linea: 639| Attempting to connect to: [localhost:5672]
13/02/2026 19:08:43 INFO : |Clase:org.springframework.amqp.rabbit.connection.AbstractConnectionFactory| |Metodo:createBareConnection| |Linea: 590| Created new connection: rabbitConnectionFactory#602c167e:0/SimpleConnection@7af56b26 [delegate=amqp://guest@127.0.0.1:5672/, localPort= 52732]
13/02/2026 19:08:44 INFO : |Clase:org.springframework.boot.StartupInfoLogger| |Metodo:logStarted| |Linea: 61| Started CloudbedsBatchCrApplication in 15.749 seconds (JVM running for 17.961)
13/02/2026 19:09:31 INFO : |Clase:org.springframework.amqp.rabbit.listener.SimpleMessageListenerContainer| |Metodo:lambda$shutdownAndWaitOrCallback$2| |Linea: 645| Waiting for workers to finish.
13/02/2026 19:09:32 INFO : |Clase:org.springframework.amqp.rabbit.listener.SimpleMessageListenerContainer| |Metodo:lambda$shutdownAndWaitOrCallback$2| |Linea: 649| Successfully waited for workers to finish.
13/02/2026 19:09:32 INFO : |Clase:org.springframework.orm.jpa.AbstractEntityManagerFactoryBean| |Metodo:destroy| |Linea: 651| Closing JPA EntityManagerFactory for persistence unit 'default'
13/02/2026 19:10:42 INFO : |Clase:org.springframework.boot.StartupInfoLogger| |Metodo:logStarting| |Linea: 55| Starting CloudbedsBatchCrApplication using Java 1.8.0_302 on Hugo-PC with PID 30628 (C:\Proyectos\AgTech\cloudbeds-batch\target\classes started by Lenovo in C:\Proyectos\AgTech\cloudbeds-batch)
13/02/2026 19:10:42 INFO : |Clase:org.springframework.boot.SpringApplication| |Metodo:logStartupProfileInfo| |Linea: 637| The following 1 profile is active: "dev"
13/02/2026 19:10:44 INFO : |Clase:org.springframework.data.repository.config.RepositoryConfigurationDelegate| |Metodo:registerRepositoriesIn| |Linea: 132| Bootstrapping Spring Data JPA repositories in DEFAULT mode.
13/02/2026 19:10:44 INFO : |Clase:org.springframework.data.repository.config.RepositoryConfigurationDelegate| |Metodo:registerRepositoriesIn| |Linea: 201| Finished Spring Data repository scanning in 193 ms. Found 6 JPA repository interfaces.
13/02/2026 19:10:46 INFO : |Clase:org.springframework.boot.web.embedded.tomcat.TomcatWebServer| |Metodo:initialize| |Linea: 108| Tomcat initialized with port(s): 8050 (http)
13/02/2026 19:10:47 INFO : |Clase:org.springframework.boot.web.servlet.context.ServletWebServerApplicationContext| |Metodo:prepareWebApplicationContext| |Linea: 292| Root WebApplicationContext: initialization completed in 4798 ms
13/02/2026 19:10:47 INFO : |Clase:org.hibernate.jpa.internal.util.LogHelper| |Metodo:logPersistenceUnitInformation| |Linea: 31| HHH000204: Processing PersistenceUnitInfo [name: default]
13/02/2026 19:10:47 INFO : |Clase:org.hibernate.Version| |Metodo:logVersion| |Linea: 44| HHH000412: Hibernate ORM core version 5.6.15.Final
13/02/2026 19:10:47 INFO : |Clase:org.hibernate.annotations.common.reflection.java.JavaReflectionManager| |Metodo:<clinit>| |Linea: 56| HCANN000001: Hibernate Commons Annotations {5.1.2.Final}
13/02/2026 19:10:48 INFO : |Clase:org.hibernate.dialect.Dialect| |Metodo:<init>| |Linea: 175| HHH000400: Using dialect: org.hibernate.dialect.PostgreSQLDialect
13/02/2026 19:10:50 INFO : |Clase:org.hibernate.engine.transaction.jta.platform.internal.JtaPlatformInitiator| |Metodo:initiateService| |Linea: 52| HHH000490: Using JtaPlatform implementation: [org.hibernate.engine.transaction.jta.platform.internal.NoJtaPlatform]
13/02/2026 19:10:50 INFO : |Clase:org.springframework.orm.jpa.AbstractEntityManagerFactoryBean| |Metodo:buildNativeEntityManagerFactory| |Linea: 437| Initialized JPA EntityManagerFactory for persistence unit 'default'
13/02/2026 19:10:53 INFO : |Clase:springfox.documentation.spring.web.PropertySourcedRequestMappingHandlerMapping| |Metodo:initHandlerMethods| |Linea: 69| Mapped URL path [/v2/api-docs] onto method [springfox.documentation.swagger2.web.Swagger2Controller#getDocumentation(String, HttpServletRequest)]
13/02/2026 19:10:54 INFO : |Clase:org.springframework.boot.web.embedded.tomcat.TomcatWebServer| |Metodo:start| |Linea: 220| Tomcat started on port(s): 8050 (http) with context path ''
13/02/2026 19:10:55 INFO : |Clase:org.springframework.amqp.rabbit.connection.AbstractConnectionFactory| |Metodo:connectAddresses| |Linea: 639| Attempting to connect to: [localhost:5672]
13/02/2026 19:10:55 INFO : |Clase:org.springframework.amqp.rabbit.connection.AbstractConnectionFactory| |Metodo:createBareConnection| |Linea: 590| Created new connection: rabbitConnectionFactory#10d49900:0/SimpleConnection@c86c486 [delegate=amqp://guest@127.0.0.1:5672/, localPort= 64641]
13/02/2026 19:10:55 INFO : |Clase:org.springframework.boot.StartupInfoLogger| |Metodo:logStarted| |Linea: 61| Started CloudbedsBatchCrApplication in 14.239 seconds (JVM running for 16.37)
13/02/2026 19:13:36 INFO : |Clase:org.springframework.amqp.rabbit.listener.SimpleMessageListenerContainer| |Metodo:lambda$shutdownAndWaitOrCallback$2| |Linea: 645| Waiting for workers to finish.
13/02/2026 19:13:54 INFO : |Clase:org.springframework.boot.StartupInfoLogger| |Metodo:logStarting| |Linea: 55| Starting CloudbedsBatchCrApplication using Java 1.8.0_302 on Hugo-PC with PID 16432 (C:\Proyectos\AgTech\cloudbeds-batch\target\classes started by Lenovo in C:\Proyectos\AgTech\cloudbeds-batch)
13/02/2026 19:13:54 INFO : |Clase:org.springframework.boot.SpringApplication| |Metodo:logStartupProfileInfo| |Linea: 637| The following 1 profile is active: "dev"
13/02/2026 19:13:56 INFO : |Clase:org.springframework.data.repository.config.RepositoryConfigurationDelegate| |Metodo:registerRepositoriesIn| |Linea: 132| Bootstrapping Spring Data JPA repositories in DEFAULT mode.
13/02/2026 19:13:57 INFO : |Clase:org.springframework.data.repository.config.RepositoryConfigurationDelegate| |Metodo:registerRepositoriesIn| |Linea: 201| Finished Spring Data repository scanning in 221 ms. Found 6 JPA repository interfaces.
13/02/2026 19:13:59 INFO : |Clase:org.springframework.boot.web.embedded.tomcat.TomcatWebServer| |Metodo:initialize| |Linea: 108| Tomcat initialized with port(s): 8050 (http)
13/02/2026 19:13:59 INFO : |Clase:org.springframework.boot.web.servlet.context.ServletWebServerApplicationContext| |Metodo:prepareWebApplicationContext| |Linea: 292| Root WebApplicationContext: initialization completed in 5104 ms
13/02/2026 19:13:59 INFO : |Clase:org.hibernate.jpa.internal.util.LogHelper| |Metodo:logPersistenceUnitInformation| |Linea: 31| HHH000204: Processing PersistenceUnitInfo [name: default]
13/02/2026 19:14:00 INFO : |Clase:org.hibernate.Version| |Metodo:logVersion| |Linea: 44| HHH000412: Hibernate ORM core version 5.6.15.Final
13/02/2026 19:14:00 INFO : |Clase:org.hibernate.annotations.common.reflection.java.JavaReflectionManager| |Metodo:<clinit>| |Linea: 56| HCANN000001: Hibernate Commons Annotations {5.1.2.Final}
13/02/2026 19:14:01 INFO : |Clase:org.hibernate.dialect.Dialect| |Metodo:<init>| |Linea: 175| HHH000400: Using dialect: org.hibernate.dialect.PostgreSQLDialect
13/02/2026 19:14:03 INFO : |Clase:org.hibernate.engine.transaction.jta.platform.internal.JtaPlatformInitiator| |Metodo:initiateService| |Linea: 52| HHH000490: Using JtaPlatform implementation: [org.hibernate.engine.transaction.jta.platform.internal.NoJtaPlatform]
13/02/2026 19:14:03 INFO : |Clase:org.springframework.orm.jpa.AbstractEntityManagerFactoryBean| |Metodo:buildNativeEntityManagerFactory| |Linea: 437| Initialized JPA EntityManagerFactory for persistence unit 'default'
13/02/2026 19:14:05 INFO : |Clase:springfox.documentation.spring.web.PropertySourcedRequestMappingHandlerMapping| |Metodo:initHandlerMethods| |Linea: 69| Mapped URL path [/v2/api-docs] onto method [springfox.documentation.swagger2.web.Swagger2Controller#getDocumentation(String, HttpServletRequest)]
13/02/2026 19:14:07 INFO : |Clase:org.springframework.boot.web.embedded.tomcat.TomcatWebServer| |Metodo:start| |Linea: 220| Tomcat started on port(s): 8050 (http) with context path ''
13/02/2026 19:14:08 INFO : |Clase:org.springframework.amqp.rabbit.connection.AbstractConnectionFactory| |Metodo:connectAddresses| |Linea: 639| Attempting to connect to: [localhost:5672]
13/02/2026 19:14:09 INFO : |Clase:org.springframework.amqp.rabbit.connection.AbstractConnectionFactory| |Metodo:createBareConnection| |Linea: 590| Created new connection: rabbitConnectionFactory#67c2b55d:0/SimpleConnection@73db7df0 [delegate=amqp://guest@127.0.0.1:5672/, localPort= 54382]
13/02/2026 19:14:09 INFO : |Clase:org.springframework.boot.StartupInfoLogger| |Metodo:logStarted| |Linea: 61| Started CloudbedsBatchCrApplication in 15.859 seconds (JVM running for 17.99)
13/02/2026 19:16:12 INFO : |Clase:org.springframework.amqp.rabbit.listener.SimpleMessageListenerContainer| |Metodo:lambda$shutdownAndWaitOrCallback$2| |Linea: 645| Waiting for workers to finish.
13/02/2026 19:16:31 INFO : |Clase:org.springframework.boot.StartupInfoLogger| |Metodo:logStarting| |Linea: 55| Starting CloudbedsBatchCrApplication using Java 1.8.0_302 on Hugo-PC with PID 31512 (C:\Proyectos\AgTech\cloudbeds-batch\target\classes started by Lenovo in C:\Proyectos\AgTech\cloudbeds-batch)
13/02/2026 19:16:31 INFO : |Clase:org.springframework.boot.SpringApplication| |Metodo:logStartupProfileInfo| |Linea: 637| The following 1 profile is active: "dev"
13/02/2026 19:16:33 INFO : |Clase:org.springframework.data.repository.config.RepositoryConfigurationDelegate| |Metodo:registerRepositoriesIn| |Linea: 132| Bootstrapping Spring Data JPA repositories in DEFAULT mode.
13/02/2026 19:16:33 INFO : |Clase:org.springframework.data.repository.config.RepositoryConfigurationDelegate| |Metodo:registerRepositoriesIn| |Linea: 201| Finished Spring Data repository scanning in 144 ms. Found 6 JPA repository interfaces.
13/02/2026 19:16:35 INFO : |Clase:org.springframework.boot.web.embedded.tomcat.TomcatWebServer| |Metodo:initialize| |Linea: 108| Tomcat initialized with port(s): 8050 (http)
13/02/2026 19:16:35 INFO : |Clase:org.springframework.boot.web.servlet.context.ServletWebServerApplicationContext| |Metodo:prepareWebApplicationContext| |Linea: 292| Root WebApplicationContext: initialization completed in 3859 ms
13/02/2026 19:16:36 INFO : |Clase:org.hibernate.jpa.internal.util.LogHelper| |Metodo:logPersistenceUnitInformation| |Linea: 31| HHH000204: Processing PersistenceUnitInfo [name: default]
13/02/2026 19:16:36 INFO : |Clase:org.hibernate.Version| |Metodo:logVersion| |Linea: 44| HHH000412: Hibernate ORM core version 5.6.15.Final
13/02/2026 19:16:36 INFO : |Clase:org.hibernate.annotations.common.reflection.java.JavaReflectionManager| |Metodo:<clinit>| |Linea: 56| HCANN000001: Hibernate Commons Annotations {5.1.2.Final}
13/02/2026 19:16:37 INFO : |Clase:org.hibernate.dialect.Dialect| |Metodo:<init>| |Linea: 175| HHH000400: Using dialect: org.hibernate.dialect.PostgreSQLDialect
13/02/2026 19:16:39 INFO : |Clase:org.hibernate.engine.transaction.jta.platform.internal.JtaPlatformInitiator| |Metodo:initiateService| |Linea: 52| HHH000490: Using JtaPlatform implementation: [org.hibernate.engine.transaction.jta.platform.internal.NoJtaPlatform]
13/02/2026 19:16:39 INFO : |Clase:org.springframework.orm.jpa.AbstractEntityManagerFactoryBean| |Metodo:buildNativeEntityManagerFactory| |Linea: 437| Initialized JPA EntityManagerFactory for persistence unit 'default'
13/02/2026 19:16:42 INFO : |Clase:springfox.documentation.spring.web.PropertySourcedRequestMappingHandlerMapping| |Metodo:initHandlerMethods| |Linea: 69| Mapped URL path [/v2/api-docs] onto method [springfox.documentation.swagger2.web.Swagger2Controller#getDocumentation(String, HttpServletRequest)]
13/02/2026 19:16:44 INFO : |Clase:org.springframework.boot.web.embedded.tomcat.TomcatWebServer| |Metodo:start| |Linea: 220| Tomcat started on port(s): 8050 (http) with context path ''
13/02/2026 19:16:44 INFO : |Clase:org.springframework.amqp.rabbit.connection.AbstractConnectionFactory| |Metodo:connectAddresses| |Linea: 639| Attempting to connect to: [localhost:5672]
13/02/2026 19:16:44 INFO : |Clase:org.springframework.amqp.rabbit.connection.AbstractConnectionFactory| |Metodo:createBareConnection| |Linea: 590| Created new connection: rabbitConnectionFactory#6f921e32:0/SimpleConnection@1d535b78 [delegate=amqp://guest@127.0.0.1:5672/, localPort= 61965]
13/02/2026 19:16:44 INFO : |Clase:org.springframework.boot.StartupInfoLogger| |Metodo:logStarted| |Linea: 61| Started CloudbedsBatchCrApplication in 14.556 seconds (JVM running for 16.536)
13/02/2026 19:17:17 INFO : |Clase:com.agtech.cloudbedsbatchcr.services.CBService| |Metodo:postPatchInvoice| |Linea: 781| patchInvoice enviado correctamente para invoice 54779643
13/02/2026 19:17:23 INFO : |Clase:com.agtech.cloudbedsbatchcr.services.CBService| |Metodo:reservationNote| |Linea: 251| Respuesta al agregar nota en la reservación 4206592918549: {"success":true,"reservationNoteID":"120335953"}
13/02/2026 19:17:23 INFO : |Clase:com.agtech.cloudbedsbatchcr.services.CBService| |Metodo:reservationNote| |Linea: 254| Nota en la reservación 4206592918549 actualizada correctamente: 120335953
13/02/2026 19:17:43 INFO : |Clase:org.springframework.web.servlet.FrameworkServlet| |Metodo:initServletBean| |Linea: 525| Initializing Servlet 'dispatcherServlet'
13/02/2026 19:17:43 INFO : |Clase:org.springframework.web.servlet.FrameworkServlet| |Metodo:initServletBean| |Linea: 547| Completed initialization in 1 ms
13/02/2026 19:17:43 INFO : |Clase:com.agtech.cloudbedsbatchcr.controller.whController| |Metodo:invoice| |Linea: 68| Se recibe la factura 54779643 del hotel 305638
13/02/2026 19:17:43 INFO : |Clase:com.agtech.cloudbedsbatchcr.services.CBService| |Metodo:invoice| |Linea: 353| JSON recibido {"propertyID":305638,"propertyID_str":"305638","reservationID":null,"invoiceID":"54779643","version":"1.0","event":"reservation/invoice_requested","timestamp":1.771031012228261E9}
13/02/2026 19:17:43 INFO : |Clase:com.agtech.cloudbedsbatchcr.services.CBService| |Metodo:invoice| |Linea: 361| Se obtiene informacion de la propiedad 305638 con nombre AgTech Costa Rica
13/02/2026 19:17:44 INFO : |Clase:com.agtech.cloudbedsbatchcr.services.CBService| |Metodo:invoice| |Linea: 370| {"success":true,"data":{"reservationIdentifier":"4206592918549","reservationID":"4206592918549","invoiceID":"54779643","userID":"547915","prefix":"","number":115,"suffix":"","documentIssueDate":"2026-02-14 01:03:32","items":[{"description":"Coca Cola CR","type":"product","quantity":1.0,"totalAmount":"4.424778761","netAmount":"4.424778761","currency":"USD","taxes":[{"name":"ivaCostaRica13","amount":"0.575221239","code":"ivaCostaRica13","taxID":"818703"}],"fees":[]}],"taxes":[{"name":"ivaCostaRica13","amount":"0.575221239","code":"ivaCostaRica13","taxID":"818703"}],"fees":[],"status":"paid","billedTo":{"id":"166038447","type":"guest"}},"statusMessage":null,"statusCode":200,"errorCode":null}
13/02/2026 19:17:44 INFO : |Clase:com.agtech.cloudbedsbatchcr.services.CBService| |Metodo:invoice| |Linea: 378| La factura 54779643 de la reservacion 4206592918549 tiene un estado diferente a open y voided: paid
13/02/2026 19:23:40 INFO : |Clase:org.springframework.amqp.rabbit.listener.SimpleMessageListenerContainer| |Metodo:lambda$shutdownAndWaitOrCallback$2| |Linea: 645| Waiting for workers to finish.
13/02/2026 19:24:00 INFO : |Clase:org.springframework.boot.StartupInfoLogger| |Metodo:logStarting| |Linea: 55| Starting CloudbedsBatchCrApplication using Java 1.8.0_302 on Hugo-PC with PID 31796 (C:\Proyectos\AgTech\cloudbeds-batch\target\classes started by Lenovo in C:\Proyectos\AgTech\cloudbeds-batch)
13/02/2026 19:24:00 INFO : |Clase:org.springframework.boot.SpringApplication| |Metodo:logStartupProfileInfo| |Linea: 637| The following 1 profile is active: "dev"
13/02/2026 19:24:02 INFO : |Clase:org.springframework.data.repository.config.RepositoryConfigurationDelegate| |Metodo:registerRepositoriesIn| |Linea: 132| Bootstrapping Spring Data JPA repositories in DEFAULT mode.
13/02/2026 19:24:03 INFO : |Clase:org.springframework.data.repository.config.RepositoryConfigurationDelegate| |Metodo:registerRepositoriesIn| |Linea: 201| Finished Spring Data repository scanning in 213 ms. Found 6 JPA repository interfaces.
13/02/2026 19:24:05 INFO : |Clase:org.springframework.boot.web.embedded.tomcat.TomcatWebServer| |Metodo:initialize| |Linea: 108| Tomcat initialized with port(s): 8050 (http)
13/02/2026 19:24:05 INFO : |Clase:org.springframework.boot.web.servlet.context.ServletWebServerApplicationContext| |Metodo:prepareWebApplicationContext| |Linea: 292| Root WebApplicationContext: initialization completed in 4778 ms
13/02/2026 19:24:06 INFO : |Clase:org.hibernate.jpa.internal.util.LogHelper| |Metodo:logPersistenceUnitInformation| |Linea: 31| HHH000204: Processing PersistenceUnitInfo [name: default]
13/02/2026 19:24:06 INFO : |Clase:org.hibernate.Version| |Metodo:logVersion| |Linea: 44| HHH000412: Hibernate ORM core version 5.6.15.Final
13/02/2026 19:24:06 INFO : |Clase:org.hibernate.annotations.common.reflection.java.JavaReflectionManager| |Metodo:<clinit>| |Linea: 56| HCANN000001: Hibernate Commons Annotations {5.1.2.Final}
13/02/2026 19:24:07 INFO : |Clase:org.hibernate.dialect.Dialect| |Metodo:<init>| |Linea: 175| HHH000400: Using dialect: org.hibernate.dialect.PostgreSQLDialect
13/02/2026 19:24:09 INFO : |Clase:org.hibernate.engine.transaction.jta.platform.internal.JtaPlatformInitiator| |Metodo:initiateService| |Linea: 52| HHH000490: Using JtaPlatform implementation: [org.hibernate.engine.transaction.jta.platform.internal.NoJtaPlatform]
13/02/2026 19:24:09 INFO : |Clase:org.springframework.orm.jpa.AbstractEntityManagerFactoryBean| |Metodo:buildNativeEntityManagerFactory| |Linea: 437| Initialized JPA EntityManagerFactory for persistence unit 'default'
13/02/2026 19:24:12 INFO : |Clase:springfox.documentation.spring.web.PropertySourcedRequestMappingHandlerMapping| |Metodo:initHandlerMethods| |Linea: 69| Mapped URL path [/v2/api-docs] onto method [springfox.documentation.swagger2.web.Swagger2Controller#getDocumentation(String, HttpServletRequest)]
13/02/2026 19:24:13 INFO : |Clase:org.springframework.boot.web.embedded.tomcat.TomcatWebServer| |Metodo:start| |Linea: 220| Tomcat started on port(s): 8050 (http) with context path ''
13/02/2026 19:24:14 INFO : |Clase:org.springframework.amqp.rabbit.connection.AbstractConnectionFactory| |Metodo:connectAddresses| |Linea: 639| Attempting to connect to: [localhost:5672]
13/02/2026 19:24:14 INFO : |Clase:org.springframework.amqp.rabbit.connection.AbstractConnectionFactory| |Metodo:createBareConnection| |Linea: 590| Created new connection: rabbitConnectionFactory#6f7c9755:0/SimpleConnection@4769378c [delegate=amqp://guest@127.0.0.1:5672/, localPort= 62194]
13/02/2026 19:24:14 INFO : |Clase:org.springframework.boot.StartupInfoLogger| |Metodo:logStarted| |Linea: 61| Started CloudbedsBatchCrApplication in 14.383 seconds (JVM running for 16.775)
13/02/2026 19:24:28 INFO : |Clase:com.agtech.cloudbedsbatchcr.services.CBService| |Metodo:notifyInvoiceCloudbeds| |Linea: 732| La factura 54779643 relacionada a la reservación 4206592918549 fue rechazada en Hacienda por el siguiente motivo: Rechazo de prueba. Se procede a notificar a Cloudbeds y agregar nota en la reservación
13/02/2026 19:24:30 INFO : |Clase:com.agtech.cloudbedsbatchcr.services.CBService| |Metodo:reservationNote| |Linea: 251| Respuesta al agregar nota en la reservación 4206592918549: {"success":true,"reservationNoteID":"120336272"}
13/02/2026 19:24:30 INFO : |Clase:com.agtech.cloudbedsbatchcr.services.CBService| |Metodo:reservationNote| |Linea: 254| Nota en la reservación 4206592918549 actualizada correctamente: 120336272
13/02/2026 19:25:37 INFO : |Clase:org.springframework.amqp.rabbit.listener.SimpleMessageListenerContainer| |Metodo:lambda$shutdownAndWaitOrCallback$2| |Linea: 645| Waiting for workers to finish.
13/02/2026 19:25:37 INFO : |Clase:org.springframework.amqp.rabbit.listener.SimpleMessageListenerContainer| |Metodo:lambda$shutdownAndWaitOrCallback$2| |Linea: 649| Successfully waited for workers to finish.
13/02/2026 19:25:54 INFO : |Clase:org.springframework.boot.StartupInfoLogger| |Metodo:logStarting| |Linea: 55| Starting CloudbedsBatchCrApplication using Java 1.8.0_302 on Hugo-PC with PID 11048 (C:\Proyectos\AgTech\cloudbeds-batch\target\classes started by Lenovo in C:\Proyectos\AgTech\cloudbeds-batch)
13/02/2026 19:25:54 INFO : |Clase:org.springframework.boot.SpringApplication| |Metodo:logStartupProfileInfo| |Linea: 637| The following 1 profile is active: "dev"
13/02/2026 19:25:56 INFO : |Clase:org.springframework.data.repository.config.RepositoryConfigurationDelegate| |Metodo:registerRepositoriesIn| |Linea: 132| Bootstrapping Spring Data JPA repositories in DEFAULT mode.
13/02/2026 19:25:57 INFO : |Clase:org.springframework.data.repository.config.RepositoryConfigurationDelegate| |Metodo:registerRepositoriesIn| |Linea: 201| Finished Spring Data repository scanning in 195 ms. Found 6 JPA repository interfaces.
13/02/2026 19:25:59 INFO : |Clase:org.springframework.boot.web.embedded.tomcat.TomcatWebServer| |Metodo:initialize| |Linea: 108| Tomcat initialized with port(s): 8050 (http)
13/02/2026 19:26:00 INFO : |Clase:org.springframework.boot.web.servlet.context.ServletWebServerApplicationContext| |Metodo:prepareWebApplicationContext| |Linea: 292| Root WebApplicationContext: initialization completed in 5421 ms
13/02/2026 19:26:00 INFO : |Clase:org.hibernate.jpa.internal.util.LogHelper| |Metodo:logPersistenceUnitInformation| |Linea: 31| HHH000204: Processing PersistenceUnitInfo [name: default]
13/02/2026 19:26:00 INFO : |Clase:org.hibernate.Version| |Metodo:logVersion| |Linea: 44| HHH000412: Hibernate ORM core version 5.6.15.Final
13/02/2026 19:26:01 INFO : |Clase:org.hibernate.annotations.common.reflection.java.JavaReflectionManager| |Metodo:<clinit>| |Linea: 56| HCANN000001: Hibernate Commons Annotations {5.1.2.Final}
13/02/2026 19:26:01 INFO : |Clase:org.hibernate.dialect.Dialect| |Metodo:<init>| |Linea: 175| HHH000400: Using dialect: org.hibernate.dialect.PostgreSQLDialect
13/02/2026 19:26:03 INFO : |Clase:org.hibernate.engine.transaction.jta.platform.internal.JtaPlatformInitiator| |Metodo:initiateService| |Linea: 52| HHH000490: Using JtaPlatform implementation: [org.hibernate.engine.transaction.jta.platform.internal.NoJtaPlatform]
13/02/2026 19:26:03 INFO : |Clase:org.springframework.orm.jpa.AbstractEntityManagerFactoryBean| |Metodo:buildNativeEntityManagerFactory| |Linea: 437| Initialized JPA EntityManagerFactory for persistence unit 'default'
13/02/2026 19:26:06 INFO : |Clase:springfox.documentation.spring.web.PropertySourcedRequestMappingHandlerMapping| |Metodo:initHandlerMethods| |Linea: 69| Mapped URL path [/v2/api-docs] onto method [springfox.documentation.swagger2.web.Swagger2Controller#getDocumentation(String, HttpServletRequest)]
13/02/2026 19:26:08 INFO : |Clase:org.springframework.boot.web.embedded.tomcat.TomcatWebServer| |Metodo:start| |Linea: 220| Tomcat started on port(s): 8050 (http) with context path ''
13/02/2026 19:26:09 INFO : |Clase:org.springframework.amqp.rabbit.connection.AbstractConnectionFactory| |Metodo:connectAddresses| |Linea: 639| Attempting to connect to: [localhost:5672]
13/02/2026 19:26:09 INFO : |Clase:org.springframework.amqp.rabbit.connection.AbstractConnectionFactory| |Metodo:createBareConnection| |Linea: 590| Created new connection: rabbitConnectionFactory#54d35ed5:0/SimpleConnection@320770d7 [delegate=amqp://guest@127.0.0.1:5672/, localPort= 50526]
13/02/2026 19:26:10 INFO : |Clase:org.springframework.boot.StartupInfoLogger| |Metodo:logStarted| |Linea: 61| Started CloudbedsBatchCrApplication in 16.499 seconds (JVM running for 19.33)
13/02/2026 19:26:40 INFO : |Clase:org.springframework.web.servlet.FrameworkServlet| |Metodo:initServletBean| |Linea: 525| Initializing Servlet 'dispatcherServlet'
13/02/2026 19:26:40 INFO : |Clase:org.springframework.web.servlet.FrameworkServlet| |Metodo:initServletBean| |Linea: 547| Completed initialization in 1 ms
13/02/2026 19:26:40 INFO : |Clase:com.agtech.cloudbedsbatchcr.controller.whController| |Metodo:invoice| |Linea: 68| Se recibe la factura 54779948 del hotel 305638
13/02/2026 19:26:40 INFO : |Clase:com.agtech.cloudbedsbatchcr.services.CBService| |Metodo:invoice| |Linea: 353| JSON recibido {"propertyID":305638,"propertyID_str":"305638","reservationID":null,"invoiceID":"54779948","version":"1.0","event":"reservation/invoice_requested","timestamp":1.771032399411906E9}
13/02/2026 19:26:40 INFO : |Clase:com.agtech.cloudbedsbatchcr.services.CBService| |Metodo:invoice| |Linea: 361| Se obtiene informacion de la propiedad 305638 con nombre AgTech Costa Rica
13/02/2026 19:26:41 INFO : |Clase:com.agtech.cloudbedsbatchcr.services.CBService| |Metodo:invoice| |Linea: 370| {"success":true,"data":{"reservationIdentifier":"4206592918549","reservationID":"4206592918549","invoiceID":"54779948","userID":"547915","prefix":"","number":116,"suffix":"","documentIssueDate":"2026-02-14 01:26:39","items":[{"description":"Efectivo","type":"payment","quantity":1.0,"totalAmount":"21.000000000","netAmount":"21.000000000","currency":"USD","taxes":[],"fees":[]},{"description":"Coca Cola","type":"product","quantity":4.0,"totalAmount":"14.953271028","netAmount":"3.738317757","currency":"USD","taxes":[{"name":"TaxProducts","amount":"1.046728972","code":"taxProducts","taxID":"818636"}],"fees":[]}],"taxes":[{"name":"TaxProducts","amount":"1.046728972","code":"taxProducts","taxID":"818636"}],"fees":[],"status":"requested","billedTo":{"id":"166038447","type":"guest"}},"statusMessage":null,"statusCode":200,"errorCode":null}
13/02/2026 19:26:41 INFO : |Clase:com.agtech.cloudbedsbatchcr.services.CBService| |Metodo:invoice| |Linea: 374| La factura 54779948 de la reservacion 4206592918549 recibida
13/02/2026 19:26:42 INFO : |Clase:com.agtech.cloudbedsbatchcr.services.TaxService| |Metodo:getTaxesInternal| |Linea: 40| Successfully retrieved tax information
13/02/2026 19:26:42 INFO : |Clase:com.agtech.cloudbedsbatchcr.services.CBService| |Metodo:invoice| |Linea: 428| {"success":true,"data":[{"name":"TaxProducts","code":"taxProducts","amount":"7.00000","amountAdult":null,"amountChild":null,"amountType":"percentage","inclusiveOrExclusive":"inclusive","isDeleted":false,"createdAt":"2026-02-13 00:31:04","expiredAt":null,"childId":null,"type":"tax","taxID":"818636","kind":"vat"},{"name":"Tax","code":"taxReservation","amount":"10.00000","amountAdult":null,"amountChild":null,"amountType":"percentage","inclusiveOrExclusive":"inclusive","isDeleted":false,"createdAt":"2026-02-13 00:31:17","expiredAt":null,"childId":null,"type":"tax","taxID":"818637","kind":"vat"},{"name":"ivaCostaRica13","code":"ivaCostaRica13","amount":"13.00000","amountAdult":null,"amountChild":null,"amountType":"percentage","inclusiveOrExclusive":"inclusive","isDeleted":false,"createdAt":"2026-02-13 23:12:50","expiredAt":null,"childId":null,"type":"tax","taxID":"818703","kind":"vat"}],"total":3}
13/02/2026 19:26:42 INFO : |Clase:com.agtech.cloudbedsbatchcr.services.CBService| |Metodo:getReservationInformation| |Linea: 283| Se obtuvo la información principal de la reservación 4206592918549 correctamente
13/02/2026 19:26:42 INFO : |Clase:com.agtech.cloudbedsbatchcr.services.CBService| |Metodo:getExchange| |Linea: 303| Se compara la fecha actual 2026-02-13 con la ultima fecha guardada null
13/02/2026 19:26:42 INFO : |Clase:com.agtech.cloudbedsbatchcr.services.CBService| |Metodo:invoice| |Linea: 455| El tipo de documento registrado para el huesped Hugo en la reservación 4206592918549 es DNI
13/02/2026 19:26:42 INFO : |Clase:com.agtech.cloudbedsbatchcr.services.UtilService| |Metodo:generateKey| |Linea: 25| generateKey url http://localhost:8024/keygenerator/api/v1/create
13/02/2026 19:26:43 INFO : |Clase:com.agtech.cloudbedsbatchcr.services.CBService| |Metodo:invoice| |Linea: 519| Se crea la clave 50613022600030424054000100001010000000161101002797 en la reservación null
13/02/2026 19:29:31 INFO : |Clase:org.springframework.amqp.rabbit.listener.SimpleMessageListenerContainer| |Metodo:lambda$shutdownAndWaitOrCallback$2| |Linea: 645| Waiting for workers to finish.
13/02/2026 19:29:55 INFO : |Clase:org.springframework.boot.StartupInfoLogger| |Metodo:logStarting| |Linea: 55| Starting CloudbedsBatchCrApplication using Java 1.8.0_302 on Hugo-PC with PID 19720 (C:\Proyectos\AgTech\cloudbeds-batch\target\classes started by Lenovo in C:\Proyectos\AgTech\cloudbeds-batch)
13/02/2026 19:29:55 INFO : |Clase:org.springframework.boot.SpringApplication| |Metodo:logStartupProfileInfo| |Linea: 637| The following 1 profile is active: "dev"
13/02/2026 19:29:57 INFO : |Clase:org.springframework.data.repository.config.RepositoryConfigurationDelegate| |Metodo:registerRepositoriesIn| |Linea: 132| Bootstrapping Spring Data JPA repositories in DEFAULT mode.
13/02/2026 19:29:57 INFO : |Clase:org.springframework.data.repository.config.RepositoryConfigurationDelegate| |Metodo:registerRepositoriesIn| |Linea: 201| Finished Spring Data repository scanning in 162 ms. Found 6 JPA repository interfaces.
13/02/2026 19:29:59 INFO : |Clase:org.springframework.boot.web.embedded.tomcat.TomcatWebServer| |Metodo:initialize| |Linea: 108| Tomcat initialized with port(s): 8050 (http)
13/02/2026 19:30:00 INFO : |Clase:org.springframework.boot.web.servlet.context.ServletWebServerApplicationContext| |Metodo:prepareWebApplicationContext| |Linea: 292| Root WebApplicationContext: initialization completed in 4274 ms
13/02/2026 19:30:00 INFO : |Clase:org.hibernate.jpa.internal.util.LogHelper| |Metodo:logPersistenceUnitInformation| |Linea: 31| HHH000204: Processing PersistenceUnitInfo [name: default]
13/02/2026 19:30:00 INFO : |Clase:org.hibernate.Version| |Metodo:logVersion| |Linea: 44| HHH000412: Hibernate ORM core version 5.6.15.Final
13/02/2026 19:30:01 INFO : |Clase:org.hibernate.annotations.common.reflection.java.JavaReflectionManager| |Metodo:<clinit>| |Linea: 56| HCANN000001: Hibernate Commons Annotations {5.1.2.Final}
13/02/2026 19:30:01 INFO : |Clase:org.hibernate.dialect.Dialect| |Metodo:<init>| |Linea: 175| HHH000400: Using dialect: org.hibernate.dialect.PostgreSQLDialect
13/02/2026 19:30:03 INFO : |Clase:org.hibernate.engine.transaction.jta.platform.internal.JtaPlatformInitiator| |Metodo:initiateService| |Linea: 52| HHH000490: Using JtaPlatform implementation: [org.hibernate.engine.transaction.jta.platform.internal.NoJtaPlatform]
13/02/2026 19:30:03 INFO : |Clase:org.springframework.orm.jpa.AbstractEntityManagerFactoryBean| |Metodo:buildNativeEntityManagerFactory| |Linea: 437| Initialized JPA EntityManagerFactory for persistence unit 'default'
13/02/2026 19:30:07 INFO : |Clase:springfox.documentation.spring.web.PropertySourcedRequestMappingHandlerMapping| |Metodo:initHandlerMethods| |Linea: 69| Mapped URL path [/v2/api-docs] onto method [springfox.documentation.swagger2.web.Swagger2Controller#getDocumentation(String, HttpServletRequest)]
13/02/2026 19:30:10 INFO : |Clase:org.springframework.boot.web.embedded.tomcat.TomcatWebServer| |Metodo:start| |Linea: 220| Tomcat started on port(s): 8050 (http) with context path ''
13/02/2026 19:30:11 INFO : |Clase:org.springframework.amqp.rabbit.connection.AbstractConnectionFactory| |Metodo:connectAddresses| |Linea: 639| Attempting to connect to: [localhost:5672]
13/02/2026 19:30:11 INFO : |Clase:org.springframework.amqp.rabbit.connection.AbstractConnectionFactory| |Metodo:createBareConnection| |Linea: 590| Created new connection: rabbitConnectionFactory#5059d398:0/SimpleConnection@6e6f5842 [delegate=amqp://guest@127.0.0.1:5672/, localPort= 60105]
13/02/2026 19:30:12 INFO : |Clase:org.springframework.boot.StartupInfoLogger| |Metodo:logStarted| |Linea: 61| Started CloudbedsBatchCrApplication in 17.314 seconds (JVM running for 19.197)
13/02/2026 19:30:17 INFO : |Clase:com.agtech.cloudbedsbatchcr.services.CBService| |Metodo:notifyInvoiceCloudbeds| |Linea: 722| La factura 54779948 relacionada a la reservación 4206592918549 fue procesada exitosamente en Hacienda. Se procede a notificar a Cloudbeds y agregar nota en la reservación
13/02/2026 19:30:19 INFO : |Clase:com.agtech.cloudbedsbatchcr.services.CBService| |Metodo:postPatchInvoice| |Linea: 803| patchInvoice enviado correctamente para invoice 54779948
13/02/2026 19:30:19 INFO : |Clase:com.agtech.cloudbedsbatchcr.services.CBService| |Metodo:reservationNote| |Linea: 251| Respuesta al agregar nota en la reservación 4206592918549: {"success":true,"reservationNoteID":"120336521"}
13/02/2026 19:30:19 INFO : |Clase:com.agtech.cloudbedsbatchcr.services.CBService| |Metodo:reservationNote| |Linea: 254| Nota en la reservación 4206592918549 actualizada correctamente: 120336521
13/02/2026 19:31:03 INFO : |Clase:org.springframework.amqp.rabbit.listener.SimpleMessageListenerContainer| |Metodo:lambda$shutdownAndWaitOrCallback$2| |Linea: 645| Waiting for workers to finish.
13/02/2026 19:31:32 INFO : |Clase:org.springframework.boot.StartupInfoLogger| |Metodo:logStarting| |Linea: 55| Starting CloudbedsBatchCrApplication using Java 1.8.0_302 on Hugo-PC with PID 328 (C:\Proyectos\AgTech\cloudbeds-batch\target\classes started by Lenovo in C:\Proyectos\AgTech\cloudbeds-batch)
13/02/2026 19:31:32 INFO : |Clase:org.springframework.boot.SpringApplication| |Metodo:logStartupProfileInfo| |Linea: 637| The following 1 profile is active: "dev"
13/02/2026 19:31:34 INFO : |Clase:org.springframework.data.repository.config.RepositoryConfigurationDelegate| |Metodo:registerRepositoriesIn| |Linea: 132| Bootstrapping Spring Data JPA repositories in DEFAULT mode.
13/02/2026 19:31:35 INFO : |Clase:org.springframework.data.repository.config.RepositoryConfigurationDelegate| |Metodo:registerRepositoriesIn| |Linea: 201| Finished Spring Data repository scanning in 187 ms. Found 6 JPA repository interfaces.
13/02/2026 19:31:37 INFO : |Clase:org.springframework.boot.web.embedded.tomcat.TomcatWebServer| |Metodo:initialize| |Linea: 108| Tomcat initialized with port(s): 8050 (http)
13/02/2026 19:31:37 INFO : |Clase:org.springframework.boot.web.servlet.context.ServletWebServerApplicationContext| |Metodo:prepareWebApplicationContext| |Linea: 292| Root WebApplicationContext: initialization completed in 5050 ms
13/02/2026 19:31:38 INFO : |Clase:org.hibernate.jpa.internal.util.LogHelper| |Metodo:logPersistenceUnitInformation| |Linea: 31| HHH000204: Processing PersistenceUnitInfo [name: default]
13/02/2026 19:31:38 INFO : |Clase:org.hibernate.Version| |Metodo:logVersion| |Linea: 44| HHH000412: Hibernate ORM core version 5.6.15.Final
13/02/2026 19:31:38 INFO : |Clase:org.hibernate.annotations.common.reflection.java.JavaReflectionManager| |Metodo:<clinit>| |Linea: 56| HCANN000001: Hibernate Commons Annotations {5.1.2.Final}
13/02/2026 19:31:39 INFO : |Clase:org.hibernate.dialect.Dialect| |Metodo:<init>| |Linea: 175| HHH000400: Using dialect: org.hibernate.dialect.PostgreSQLDialect
13/02/2026 19:31:40 INFO : |Clase:org.hibernate.engine.transaction.jta.platform.internal.JtaPlatformInitiator| |Metodo:initiateService| |Linea: 52| HHH000490: Using JtaPlatform implementation: [org.hibernate.engine.transaction.jta.platform.internal.NoJtaPlatform]
13/02/2026 19:31:40 INFO : |Clase:org.springframework.orm.jpa.AbstractEntityManagerFactoryBean| |Metodo:buildNativeEntityManagerFactory| |Linea: 437| Initialized JPA EntityManagerFactory for persistence unit 'default'
13/02/2026 19:31:43 INFO : |Clase:springfox.documentation.spring.web.PropertySourcedRequestMappingHandlerMapping| |Metodo:initHandlerMethods| |Linea: 69| Mapped URL path [/v2/api-docs] onto method [springfox.documentation.swagger2.web.Swagger2Controller#getDocumentation(String, HttpServletRequest)]
13/02/2026 19:31:44 INFO : |Clase:org.springframework.boot.web.embedded.tomcat.TomcatWebServer| |Metodo:start| |Linea: 220| Tomcat started on port(s): 8050 (http) with context path ''
13/02/2026 19:31:44 INFO : |Clase:org.springframework.amqp.rabbit.connection.AbstractConnectionFactory| |Metodo:connectAddresses| |Linea: 639| Attempting to connect to: [localhost:5672]
13/02/2026 19:31:45 INFO : |Clase:org.springframework.amqp.rabbit.connection.AbstractConnectionFactory| |Metodo:createBareConnection| |Linea: 590| Created new connection: rabbitConnectionFactory#54d35ed5:0/SimpleConnection@320770d7 [delegate=amqp://guest@127.0.0.1:5672/, localPort= 60170]
13/02/2026 19:31:45 INFO : |Clase:org.springframework.boot.StartupInfoLogger| |Metodo:logStarted| |Linea: 61| Started CloudbedsBatchCrApplication in 13.708 seconds (JVM running for 15.924)
13/02/2026 19:31:50 INFO : |Clase:com.agtech.cloudbedsbatchcr.services.CBService| |Metodo:notifyInvoiceCloudbeds| |Linea: 722| La factura 54779948 relacionada a la reservación 4206592918549 fue procesada exitosamente en Hacienda. Se procede a notificar a Cloudbeds y agregar nota en la reservación
13/02/2026 19:31:51 INFO : |Clase:com.agtech.cloudbedsbatchcr.services.CBService| |Metodo:postPatchInvoice| |Linea: 805| patchInvoice enviado correctamente para invoice 54779948
13/02/2026 19:31:52 INFO : |Clase:com.agtech.cloudbedsbatchcr.services.CBService| |Metodo:reservationNote| |Linea: 251| Respuesta al agregar nota en la reservación 4206592918549: {"success":true,"reservationNoteID":"120336582"}
13/02/2026 19:31:52 INFO : |Clase:com.agtech.cloudbedsbatchcr.services.CBService| |Metodo:reservationNote| |Linea: 254| Nota en la reservación 4206592918549 actualizada correctamente: 120336582
13/02/2026 19:33:12 INFO : |Clase:org.springframework.amqp.rabbit.listener.SimpleMessageListenerContainer| |Metodo:lambda$shutdownAndWaitOrCallback$2| |Linea: 645| Waiting for workers to finish.
13/02/2026 19:33:12 INFO : |Clase:org.springframework.amqp.rabbit.listener.SimpleMessageListenerContainer| |Metodo:lambda$shutdownAndWaitOrCallback$2| |Linea: 649| Successfully waited for workers to finish.
13/02/2026 19:33:13 INFO : |Clase:org.springframework.orm.jpa.AbstractEntityManagerFactoryBean| |Metodo:destroy| |Linea: 651| Closing JPA EntityManagerFactory for persistence unit 'default'
13/02/2026 19:50:33 INFO : |Clase:org.springframework.boot.StartupInfoLogger| |Metodo:logStarting| |Linea: 55| Starting CloudbedsBatchCrApplication using Java 1.8.0_302 on Hugo-PC with PID 18812 (C:\Proyectos\AgTech\cloudbeds-batch\target\classes started by Lenovo in C:\Proyectos\AgTech\cloudbeds-batch)
13/02/2026 19:50:33 INFO : |Clase:org.springframework.boot.SpringApplication| |Metodo:logStartupProfileInfo| |Linea: 637| The following 1 profile is active: "dev"
13/02/2026 19:50:36 INFO : |Clase:org.springframework.data.repository.config.RepositoryConfigurationDelegate| |Metodo:registerRepositoriesIn| |Linea: 132| Bootstrapping Spring Data JPA repositories in DEFAULT mode.
13/02/2026 19:50:36 INFO : |Clase:org.springframework.data.repository.config.RepositoryConfigurationDelegate| |Metodo:registerRepositoriesIn| |Linea: 201| Finished Spring Data repository scanning in 193 ms. Found 6 JPA repository interfaces.
13/02/2026 19:50:38 INFO : |Clase:org.springframework.boot.web.embedded.tomcat.TomcatWebServer| |Metodo:initialize| |Linea: 108| Tomcat initialized with port(s): 8050 (http)
13/02/2026 19:50:38 INFO : |Clase:org.springframework.boot.web.servlet.context.ServletWebServerApplicationContext| |Metodo:prepareWebApplicationContext| |Linea: 292| Root WebApplicationContext: initialization completed in 4872 ms
13/02/2026 19:50:39 INFO : |Clase:org.hibernate.jpa.internal.util.LogHelper| |Metodo:logPersistenceUnitInformation| |Linea: 31| HHH000204: Processing PersistenceUnitInfo [name: default]
13/02/2026 19:50:39 INFO : |Clase:org.hibernate.Version| |Metodo:logVersion| |Linea: 44| HHH000412: Hibernate ORM core version 5.6.15.Final
13/02/2026 19:50:39 INFO : |Clase:org.hibernate.annotations.common.reflection.java.JavaReflectionManager| |Metodo:<clinit>| |Linea: 56| HCANN000001: Hibernate Commons Annotations {5.1.2.Final}
13/02/2026 19:50:40 INFO : |Clase:org.hibernate.dialect.Dialect| |Metodo:<init>| |Linea: 175| HHH000400: Using dialect: org.hibernate.dialect.PostgreSQLDialect
13/02/2026 19:50:41 INFO : |Clase:org.hibernate.engine.transaction.jta.platform.internal.JtaPlatformInitiator| |Metodo:initiateService| |Linea: 52| HHH000490: Using JtaPlatform implementation: [org.hibernate.engine.transaction.jta.platform.internal.NoJtaPlatform]
13/02/2026 19:50:41 INFO : |Clase:org.springframework.orm.jpa.AbstractEntityManagerFactoryBean| |Metodo:buildNativeEntityManagerFactory| |Linea: 437| Initialized JPA EntityManagerFactory for persistence unit 'default'
13/02/2026 19:50:44 INFO : |Clase:springfox.documentation.spring.web.PropertySourcedRequestMappingHandlerMapping| |Metodo:initHandlerMethods| |Linea: 69| Mapped URL path [/v2/api-docs] onto method [springfox.documentation.swagger2.web.Swagger2Controller#getDocumentation(String, HttpServletRequest)]
13/02/2026 19:50:45 INFO : |Clase:org.springframework.boot.web.embedded.tomcat.TomcatWebServer| |Metodo:start| |Linea: 220| Tomcat started on port(s): 8050 (http) with context path ''
13/02/2026 19:50:46 INFO : |Clase:org.springframework.amqp.rabbit.connection.AbstractConnectionFactory| |Metodo:connectAddresses| |Linea: 639| Attempting to connect to: [localhost:5672]
13/02/2026 19:50:46 INFO : |Clase:org.springframework.amqp.rabbit.connection.AbstractConnectionFactory| |Metodo:createBareConnection| |Linea: 590| Created new connection: rabbitConnectionFactory#5059d398:0/SimpleConnection@60b4c754 [delegate=amqp://guest@127.0.0.1:5672/, localPort= 56734]
13/02/2026 19:50:46 INFO : |Clase:org.springframework.boot.StartupInfoLogger| |Metodo:logStarted| |Linea: 61| Started CloudbedsBatchCrApplication in 13.312 seconds (JVM running for 15.14)
13/02/2026 19:55:27 INFO : |Clase:org.springframework.amqp.rabbit.listener.SimpleMessageListenerContainer| |Metodo:lambda$shutdownAndWaitOrCallback$2| |Linea: 645| Waiting for workers to finish.
13/02/2026 19:55:27 INFO : |Clase:org.springframework.amqp.rabbit.listener.SimpleMessageListenerContainer| |Metodo:lambda$shutdownAndWaitOrCallback$2| |Linea: 649| Successfully waited for workers to finish.
13/02/2026 19:56:40 INFO : |Clase:org.springframework.boot.StartupInfoLogger| |Metodo:logStarting| |Linea: 55| Starting CloudbedsBatchCrApplication using Java 1.8.0_302 on Hugo-PC with PID 26064 (C:\Proyectos\AgTech\cloudbeds-batch\target\classes started by Lenovo in C:\Proyectos\AgTech\cloudbeds-batch)
13/02/2026 19:56:40 INFO : |Clase:org.springframework.boot.SpringApplication| |Metodo:logStartupProfileInfo| |Linea: 637| The following 1 profile is active: "dev"
13/02/2026 19:56:43 INFO : |Clase:org.springframework.data.repository.config.RepositoryConfigurationDelegate| |Metodo:registerRepositoriesIn| |Linea: 132| Bootstrapping Spring Data JPA repositories in DEFAULT mode.
13/02/2026 19:56:43 INFO : |Clase:org.springframework.data.repository.config.RepositoryConfigurationDelegate| |Metodo:registerRepositoriesIn| |Linea: 201| Finished Spring Data repository scanning in 203 ms. Found 6 JPA repository interfaces.
13/02/2026 19:56:45 INFO : |Clase:org.springframework.boot.web.embedded.tomcat.TomcatWebServer| |Metodo:initialize| |Linea: 108| Tomcat initialized with port(s): 8050 (http)
13/02/2026 19:56:45 INFO : |Clase:org.springframework.boot.web.servlet.context.ServletWebServerApplicationContext| |Metodo:prepareWebApplicationContext| |Linea: 292| Root WebApplicationContext: initialization completed in 4884 ms
13/02/2026 19:56:46 INFO : |Clase:org.hibernate.jpa.internal.util.LogHelper| |Metodo:logPersistenceUnitInformation| |Linea: 31| HHH000204: Processing PersistenceUnitInfo [name: default]
13/02/2026 19:56:46 INFO : |Clase:org.hibernate.Version| |Metodo:logVersion| |Linea: 44| HHH000412: Hibernate ORM core version 5.6.15.Final
13/02/2026 19:56:46 INFO : |Clase:org.hibernate.annotations.common.reflection.java.JavaReflectionManager| |Metodo:<clinit>| |Linea: 56| HCANN000001: Hibernate Commons Annotations {5.1.2.Final}
13/02/2026 19:56:46 INFO : |Clase:org.hibernate.dialect.Dialect| |Metodo:<init>| |Linea: 175| HHH000400: Using dialect: org.hibernate.dialect.PostgreSQLDialect
13/02/2026 19:56:49 INFO : |Clase:org.hibernate.engine.transaction.jta.platform.internal.JtaPlatformInitiator| |Metodo:initiateService| |Linea: 52| HHH000490: Using JtaPlatform implementation: [org.hibernate.engine.transaction.jta.platform.internal.NoJtaPlatform]
13/02/2026 19:56:49 INFO : |Clase:org.springframework.orm.jpa.AbstractEntityManagerFactoryBean| |Metodo:buildNativeEntityManagerFactory| |Linea: 437| Initialized JPA EntityManagerFactory for persistence unit 'default'
13/02/2026 19:56:53 INFO : |Clase:springfox.documentation.spring.web.PropertySourcedRequestMappingHandlerMapping| |Metodo:initHandlerMethods| |Linea: 69| Mapped URL path [/v2/api-docs] onto method [springfox.documentation.swagger2.web.Swagger2Controller#getDocumentation(String, HttpServletRequest)]
13/02/2026 19:56:56 INFO : |Clase:org.springframework.boot.web.embedded.tomcat.TomcatWebServer| |Metodo:start| |Linea: 220| Tomcat started on port(s): 8050 (http) with context path ''
13/02/2026 19:56:57 INFO : |Clase:org.springframework.amqp.rabbit.connection.AbstractConnectionFactory| |Metodo:connectAddresses| |Linea: 639| Attempting to connect to: [localhost:5672]
13/02/2026 19:56:57 INFO : |Clase:org.springframework.amqp.rabbit.connection.AbstractConnectionFactory| |Metodo:createBareConnection| |Linea: 590| Created new connection: rabbitConnectionFactory#1cee3e05:0/SimpleConnection@55a66bbf [delegate=amqp://guest@127.0.0.1:5672/, localPort= 52588]
13/02/2026 19:56:57 INFO : |Clase:org.springframework.boot.StartupInfoLogger| |Metodo:logStarted| |Linea: 61| Started CloudbedsBatchCrApplication in 17.803 seconds (JVM running for 20.834)
13/02/2026 19:58:12 INFO : |Clase:org.springframework.web.servlet.FrameworkServlet| |Metodo:initServletBean| |Linea: 525| Initializing Servlet 'dispatcherServlet'
13/02/2026 19:58:12 INFO : |Clase:org.springframework.web.servlet.FrameworkServlet| |Metodo:initServletBean| |Linea: 547| Completed initialization in 1 ms
13/02/2026 19:58:25 INFO : |Clase:com.agtech.cloudbedsbatchcr.controller.whController| |Metodo:voidInvoice| |Linea: 80| Se recibe la factura 54779948 del hotel 305638
13/02/2026 19:58:25 INFO : |Clase:com.agtech.cloudbedsbatchcr.services.CBService| |Metodo:invoice| |Linea: 350| JSON recibido {"propertyID":305638,"propertyID_str":"305638","reservationID":"4206592918549","invoiceID":"54779948","version":"1.0","event":"reservation/invoice_void_requested","timestamp":1.771034291959645E9}
13/02/2026 19:58:25 INFO : |Clase:com.agtech.cloudbedsbatchcr.services.CBService| |Metodo:invoice| |Linea: 358| Se obtiene informacion de la propiedad 305638 con nombre AgTech Costa Rica
13/02/2026 19:58:28 INFO : |Clase:com.agtech.cloudbedsbatchcr.services.CBService| |Metodo:invoice| |Linea: 367| {"success":true,"data":{"reservationIdentifier":"4206592918549","reservationID":"4206592918549","invoiceID":"54779948","userID":"547915","prefix":"","number":116,"suffix":"","documentIssueDate":"2026-02-14 01:26:39","items":[{"description":"Efectivo","type":"payment","quantity":1.0,"totalAmount":"21.000000000","netAmount":"21.000000000","currency":"USD","taxes":[],"fees":[]},{"description":"Coca Cola","type":"product","quantity":4.0,"totalAmount":"14.953271028","netAmount":"3.738317757","currency":"USD","taxes":[{"name":"TaxProducts","amount":"1.046728972","code":"taxProducts","taxID":"818636"}],"fees":[]}],"taxes":[{"name":"TaxProducts","amount":"1.046728972","code":"taxProducts","taxID":"818636"}],"fees":[],"status":"void_requested","billedTo":{"id":"166038447","type":"guest"}},"statusMessage":null,"statusCode":200,"errorCode":null}
13/02/2026 19:58:28 INFO : |Clase:com.agtech.cloudbedsbatchcr.services.CBService| |Metodo:invoice| |Linea: 373| La factura 54779948 de la reservacion 4206592918549 esta en estado anulado
13/02/2026 19:58:28 INFO : |Clase:com.agtech.cloudbedsbatchcr.services.TaxService| |Metodo:getTaxesInternal| |Linea: 40| Successfully retrieved tax information
13/02/2026 19:58:28 INFO : |Clase:com.agtech.cloudbedsbatchcr.services.CBService| |Metodo:invoice| |Linea: 424| {"success":true,"data":[{"name":"TaxProducts","code":"taxProducts","amount":"7.00000","amountAdult":null,"amountChild":null,"amountType":"percentage","inclusiveOrExclusive":"inclusive","isDeleted":false,"createdAt":"2026-02-13 00:31:04","expiredAt":null,"childId":null,"type":"tax","taxID":"818636","kind":"vat"},{"name":"Tax","code":"taxReservation","amount":"10.00000","amountAdult":null,"amountChild":null,"amountType":"percentage","inclusiveOrExclusive":"inclusive","isDeleted":false,"createdAt":"2026-02-13 00:31:17","expiredAt":null,"childId":null,"type":"tax","taxID":"818637","kind":"vat"},{"name":"ivaCostaRica13","code":"ivaCostaRica13","amount":"13.00000","amountAdult":null,"amountChild":null,"amountType":"percentage","inclusiveOrExclusive":"inclusive","isDeleted":false,"createdAt":"2026-02-13 23:12:50","expiredAt":null,"childId":null,"type":"tax","taxID":"818703","kind":"vat"}],"total":3}
13/02/2026 19:58:29 INFO : |Clase:com.agtech.cloudbedsbatchcr.services.CBService| |Metodo:getReservationInformation| |Linea: 283| Se obtuvo la información principal de la reservación 4206592918549 correctamente
13/02/2026 19:58:29 INFO : |Clase:com.agtech.cloudbedsbatchcr.services.CBService| |Metodo:getExchange| |Linea: 303| Se compara la fecha actual 2026-02-13 con la ultima fecha guardada null
13/02/2026 19:58:29 INFO : |Clase:com.agtech.cloudbedsbatchcr.services.CBService| |Metodo:invoice| |Linea: 451| El tipo de documento registrado para el huesped Hugo en la reservación 4206592918549 es DNI
13/02/2026 19:58:32 INFO : |Clase:com.agtech.cloudbedsbatchcr.services.UtilService| |Metodo:generateKey| |Linea: 25| generateKey url http://localhost:8024/keygenerator/api/v1/create
13/02/2026 19:59:09 INFO : |Clase:com.agtech.cloudbedsbatchcr.services.CBService| |Metodo:invoice| |Linea: 520| Se crea la clave 50613022600030424054000100001010000000162101003090 en la reservación 4206592918549
13/02/2026 20:00:25 INFO : |Clase:com.agtech.cloudbedsbatchcr.controller.whController| |Metodo:voidInvoice| |Linea: 80| Se recibe la factura 54779948 del hotel 305638
13/02/2026 20:00:25 INFO : |Clase:com.agtech.cloudbedsbatchcr.services.CBService| |Metodo:invoice| |Linea: 350| JSON recibido {"propertyID":305638,"propertyID_str":"305638","reservationID":"4206592918549","invoiceID":"54779948","version":"1.0","event":"reservation/invoice_void_requested","timestamp":1.771034291959645E9}
13/02/2026 20:00:25 INFO : |Clase:com.agtech.cloudbedsbatchcr.services.CBService| |Metodo:invoice| |Linea: 358| Se obtiene informacion de la propiedad 305638 con nombre AgTech Costa Rica
13/02/2026 20:00:27 INFO : |Clase:com.agtech.cloudbedsbatchcr.services.CBService| |Metodo:invoice| |Linea: 367| {"success":true,"data":{"reservationIdentifier":"4206592918549","reservationID":"4206592918549","invoiceID":"54779948","userID":"547915","prefix":"","number":116,"suffix":"","documentIssueDate":"2026-02-14 01:26:39","items":[{"description":"Efectivo","type":"payment","quantity":1.0,"totalAmount":"21.000000000","netAmount":"21.000000000","currency":"USD","taxes":[],"fees":[]},{"description":"Coca Cola","type":"product","quantity":4.0,"totalAmount":"14.953271028","netAmount":"3.738317757","currency":"USD","taxes":[{"name":"TaxProducts","amount":"1.046728972","code":"taxProducts","taxID":"818636"}],"fees":[]}],"taxes":[{"name":"TaxProducts","amount":"1.046728972","code":"taxProducts","taxID":"818636"}],"fees":[],"status":"void_requested","billedTo":{"id":"166038447","type":"guest"}},"statusMessage":null,"statusCode":200,"errorCode":null}
13/02/2026 20:00:27 INFO : |Clase:com.agtech.cloudbedsbatchcr.services.CBService| |Metodo:invoice| |Linea: 373| La factura 54779948 de la reservacion 4206592918549 esta en estado anulado
13/02/2026 20:00:43 INFO : |Clase:org.springframework.amqp.rabbit.listener.SimpleMessageListenerContainer| |Metodo:lambda$shutdownAndWaitOrCallback$2| |Linea: 645| Waiting for workers to finish.
13/02/2026 20:00:44 INFO : |Clase:org.springframework.amqp.rabbit.listener.SimpleMessageListenerContainer| |Metodo:lambda$shutdownAndWaitOrCallback$2| |Linea: 649| Successfully waited for workers to finish.
13/02/2026 20:06:52 INFO : |Clase:org.springframework.boot.StartupInfoLogger| |Metodo:logStarting| |Linea: 55| Starting CloudbedsBatchCrApplication using Java 1.8.0_302 on Hugo-PC with PID 20352 (C:\Proyectos\AgTech\cloudbeds-batch\target\classes started by Lenovo in C:\Proyectos\AgTech\cloudbeds-batch)
13/02/2026 20:06:52 INFO : |Clase:org.springframework.boot.SpringApplication| |Metodo:logStartupProfileInfo| |Linea: 637| The following 1 profile is active: "dev"
13/02/2026 20:06:54 INFO : |Clase:org.springframework.data.repository.config.RepositoryConfigurationDelegate| |Metodo:registerRepositoriesIn| |Linea: 132| Bootstrapping Spring Data JPA repositories in DEFAULT mode.
13/02/2026 20:06:55 INFO : |Clase:org.springframework.data.repository.config.RepositoryConfigurationDelegate| |Metodo:registerRepositoriesIn| |Linea: 201| Finished Spring Data repository scanning in 162 ms. Found 6 JPA repository interfaces.
13/02/2026 20:06:57 INFO : |Clase:org.springframework.boot.web.embedded.tomcat.TomcatWebServer| |Metodo:initialize| |Linea: 108| Tomcat initialized with port(s): 8050 (http)
13/02/2026 20:06:57 INFO : |Clase:org.springframework.boot.web.servlet.context.ServletWebServerApplicationContext| |Metodo:prepareWebApplicationContext| |Linea: 292| Root WebApplicationContext: initialization completed in 5079 ms
13/02/2026 20:06:58 INFO : |Clase:org.hibernate.jpa.internal.util.LogHelper| |Metodo:logPersistenceUnitInformation| |Linea: 31| HHH000204: Processing PersistenceUnitInfo [name: default]
13/02/2026 20:06:58 INFO : |Clase:org.hibernate.Version| |Metodo:logVersion| |Linea: 44| HHH000412: Hibernate ORM core version 5.6.15.Final
13/02/2026 20:06:58 INFO : |Clase:org.hibernate.annotations.common.reflection.java.JavaReflectionManager| |Metodo:<clinit>| |Linea: 56| HCANN000001: Hibernate Commons Annotations {5.1.2.Final}
13/02/2026 20:06:58 INFO : |Clase:org.hibernate.dialect.Dialect| |Metodo:<init>| |Linea: 175| HHH000400: Using dialect: org.hibernate.dialect.PostgreSQLDialect
13/02/2026 20:07:00 INFO : |Clase:org.hibernate.engine.transaction.jta.platform.internal.JtaPlatformInitiator| |Metodo:initiateService| |Linea: 52| HHH000490: Using JtaPlatform implementation: [org.hibernate.engine.transaction.jta.platform.internal.NoJtaPlatform]
13/02/2026 20:07:00 INFO : |Clase:org.springframework.orm.jpa.AbstractEntityManagerFactoryBean| |Metodo:buildNativeEntityManagerFactory| |Linea: 437| Initialized JPA EntityManagerFactory for persistence unit 'default'
13/02/2026 20:07:02 INFO : |Clase:springfox.documentation.spring.web.PropertySourcedRequestMappingHandlerMapping| |Metodo:initHandlerMethods| |Linea: 69| Mapped URL path [/v2/api-docs] onto method [springfox.documentation.swagger2.web.Swagger2Controller#getDocumentation(String, HttpServletRequest)]
13/02/2026 20:07:03 INFO : |Clase:org.springframework.boot.web.embedded.tomcat.TomcatWebServer| |Metodo:start| |Linea: 220| Tomcat started on port(s): 8050 (http) with context path ''
13/02/2026 20:07:04 INFO : |Clase:org.springframework.amqp.rabbit.connection.AbstractConnectionFactory| |Metodo:connectAddresses| |Linea: 639| Attempting to connect to: [localhost:5672]
13/02/2026 20:07:04 INFO : |Clase:org.springframework.amqp.rabbit.connection.AbstractConnectionFactory| |Metodo:createBareConnection| |Linea: 590| Created new connection: rabbitConnectionFactory#5059d398:0/SimpleConnection@67671db1 [delegate=amqp://guest@127.0.0.1:5672/, localPort= 57408]
13/02/2026 20:07:04 INFO : |Clase:org.springframework.boot.StartupInfoLogger| |Metodo:logStarted| |Linea: 61| Started CloudbedsBatchCrApplication in 12.902 seconds (JVM running for 14.584)
13/02/2026 20:08:57 INFO : |Clase:org.springframework.web.servlet.FrameworkServlet| |Metodo:initServletBean| |Linea: 525| Initializing Servlet 'dispatcherServlet'
13/02/2026 20:08:57 INFO : |Clase:org.springframework.web.servlet.FrameworkServlet| |Metodo:initServletBean| |Linea: 547| Completed initialization in 1 ms
13/02/2026 20:08:57 INFO : |Clase:com.agtech.cloudbedsbatchcr.controller.whController| |Metodo:voidInvoice| |Linea: 80| Se recibe la factura 54779643 del hotel 305638
13/02/2026 20:08:57 INFO : |Clase:com.agtech.cloudbedsbatchcr.services.CBService| |Metodo:invoice| |Linea: 350| JSON recibido {"propertyID":305638,"propertyID_str":"305638","reservationID":"4206592918549","invoiceID":"54779643","version":"1.0","event":"reservation/invoice_void_requested","timestamp":1.771034936510966E9}
13/02/2026 20:08:57 INFO : |Clase:com.agtech.cloudbedsbatchcr.services.CBService| |Metodo:invoice| |Linea: 358| Se obtiene informacion de la propiedad 305638 con nombre AgTech Costa Rica
13/02/2026 20:08:58 INFO : |Clase:com.agtech.cloudbedsbatchcr.services.CBService| |Metodo:invoice| |Linea: 367| {"success":true,"data":{"reservationIdentifier":"4206592918549","reservationID":"4206592918549","invoiceID":"54779643","userID":"547915","prefix":"","number":115,"suffix":"","documentIssueDate":"2026-02-14 01:03:32","items":[{"description":"Coca Cola CR","type":"product","quantity":1.0,"totalAmount":"4.424778761","netAmount":"4.424778761","currency":"USD","taxes":[{"name":"ivaCostaRica13","amount":"0.575221239","code":"ivaCostaRica13","taxID":"818703"}],"fees":[]}],"taxes":[{"name":"ivaCostaRica13","amount":"0.575221239","code":"ivaCostaRica13","taxID":"818703"}],"fees":[],"status":"void_requested","billedTo":{"id":"166038447","type":"guest"}},"statusMessage":null,"statusCode":200,"errorCode":null}
13/02/2026 20:08:58 INFO : |Clase:com.agtech.cloudbedsbatchcr.services.CBService| |Metodo:invoice| |Linea: 373| La factura 54779643 de la reservacion 4206592918549 esta en estado anulado
13/02/2026 20:08:59 INFO : |Clase:com.agtech.cloudbedsbatchcr.services.TaxService| |Metodo:getTaxesInternal| |Linea: 40| Successfully retrieved tax information
13/02/2026 20:08:59 INFO : |Clase:com.agtech.cloudbedsbatchcr.services.CBService| |Metodo:invoice| |Linea: 424| {"success":true,"data":[{"name":"TaxProducts","code":"taxProducts","amount":"7.00000","amountAdult":null,"amountChild":null,"amountType":"percentage","inclusiveOrExclusive":"inclusive","isDeleted":false,"createdAt":"2026-02-13 00:31:04","expiredAt":null,"childId":null,"type":"tax","taxID":"818636","kind":"vat"},{"name":"Tax","code":"taxReservation","amount":"10.00000","amountAdult":null,"amountChild":null,"amountType":"percentage","inclusiveOrExclusive":"inclusive","isDeleted":false,"createdAt":"2026-02-13 00:31:17","expiredAt":null,"childId":null,"type":"tax","taxID":"818637","kind":"vat"},{"name":"ivaCostaRica13","code":"ivaCostaRica13","amount":"13.00000","amountAdult":null,"amountChild":null,"amountType":"percentage","inclusiveOrExclusive":"inclusive","isDeleted":false,"createdAt":"2026-02-13 23:12:50","expiredAt":null,"childId":null,"type":"tax","taxID":"818703","kind":"vat"}],"total":3}
13/02/2026 20:09:00 INFO : |Clase:com.agtech.cloudbedsbatchcr.services.CBService| |Metodo:getReservationInformation| |Linea: 283| Se obtuvo la información principal de la reservación 4206592918549 correctamente
13/02/2026 20:09:00 INFO : |Clase:com.agtech.cloudbedsbatchcr.services.CBService| |Metodo:getExchange| |Linea: 303| Se compara la fecha actual 2026-02-13 con la ultima fecha guardada null
13/02/2026 20:09:00 INFO : |Clase:com.agtech.cloudbedsbatchcr.services.CBService| |Metodo:invoice| |Linea: 456| El tipo de documento registrado para el huesped Hugo en la reservación 4206592918549 es DNI
13/02/2026 20:09:00 INFO : |Clase:com.agtech.cloudbedsbatchcr.services.UtilService| |Metodo:generateKey| |Linea: 25| generateKey url http://localhost:8024/keygenerator/api/v1/create
13/02/2026 20:09:00 INFO : |Clase:com.agtech.cloudbedsbatchcr.services.CBService| |Metodo:invoice| |Linea: 533| Se crea la clave 50613022600030424054000100001030000000043103001908 en la reservación 4206592918549
13/02/2026 20:12:23 INFO : |Clase:com.agtech.cloudbedsbatchcr.controller.whController| |Metodo:voidInvoice| |Linea: 80| Se recibe la factura 54779948 del hotel 305638
13/02/2026 20:12:23 INFO : |Clase:com.agtech.cloudbedsbatchcr.services.CBService| |Metodo:invoice| |Linea: 350| JSON recibido {"propertyID":305638,"propertyID_str":"305638","reservationID":"4206592918549","invoiceID":"54779948","version":"1.0","event":"reservation/invoice_void_requested","timestamp":1.771034291959645E9}
13/02/2026 20:12:23 INFO : |Clase:com.agtech.cloudbedsbatchcr.services.CBService| |Metodo:invoice| |Linea: 358| Se obtiene informacion de la propiedad 305638 con nombre AgTech Costa Rica
13/02/2026 20:12:24 INFO : |Clase:com.agtech.cloudbedsbatchcr.services.CBService| |Metodo:invoice| |Linea: 367| {"success":true,"data":{"reservationIdentifier":"4206592918549","reservationID":"4206592918549","invoiceID":"54779948","userID":"547915","prefix":"","number":116,"suffix":"","documentIssueDate":"2026-02-14 01:26:39","items":[{"description":"Efectivo","type":"payment","quantity":1.0,"totalAmount":"21.000000000","netAmount":"21.000000000","currency":"USD","taxes":[],"fees":[]},{"description":"Coca Cola","type":"product","quantity":4.0,"totalAmount":"14.953271028","netAmount":"3.738317757","currency":"USD","taxes":[{"name":"TaxProducts","amount":"1.046728972","code":"taxProducts","taxID":"818636"}],"fees":[]}],"taxes":[{"name":"TaxProducts","amount":"1.046728972","code":"taxProducts","taxID":"818636"}],"fees":[],"status":"manually_reconciled","billedTo":{"id":"166038447","type":"guest"}},"statusMessage":null,"statusCode":200,"errorCode":null}
13/02/2026 20:12:24 INFO : |Clase:com.agtech.cloudbedsbatchcr.services.CBService| |Metodo:invoice| |Linea: 375| La factura 54779948 de la reservacion 4206592918549 tiene un estado diferente a open y voided: manually_reconciled
13/02/2026 20:22:04 INFO : |Clase:org.springframework.amqp.rabbit.listener.SimpleMessageListenerContainer| |Metodo:lambda$shutdownAndWaitOrCallback$2| |Linea: 645| Waiting for workers to finish.
